Respondent_ID,Gender,Age_Group,Print_Comprehension,Print_Trust,Future_Online_Intent,Print_Disappearance_Concern,Digital_Fatigue,Digital_Overload,Health_Concern,Privacy_Concern,Student_Print_Preference,Cluster
1,Male,65+,4,5,3,4,4,4,3,4,3,0
2,Male,35-44,5,3,3,5,4,4,5,2,4,0
3,Female,45-54,3,2,3,5,4,2,4,4,5,1
4,Female,35-44,5,4,4,2,5,3,4,4,2,0
5,Male,45-54,2,5,4,2,3,3,3,4,1,2
6,Female,25-34,4,2,4,4,2,5,2,4,4,1
7,Female,65+,3,3,3,4,2,1,1,4,2,2
8,Male,55-64,4,3,3,5,3,4,3,5,3,2
9,Female,55-64,4,3,5,4,2,2,3,4,4,1
10,Male,65+,3,3,4,5,4,3,4,5,2,0
11,Female,18-24,4,5,2,1,4,3,5,5,5,0
12,Male,45-54,4,4,3,5,3,3,4,2,1,2
13,Female,35-44,5,3,1,3,5,4,4,4,3,2
14,Male,45-54,3,5,3,3,1,1,3,4,4,1
15,Female,55-64,3,4,4,3,3,3,3,1,3,0
16,Female,55-64,2,2,4,4,2,4,4,4,4,1
17,Male,55-64,1,3,1,2,2,3,2,4,3,2
18,Female,65+,3,3,3,5,4,2,4,3,3,2
19,Female,55-64,1,4,4,3,5,1,4,3,3,0
20,Female,35-44,5,3,4,1,5,4,2,2,5,0
21,Female,55-64,4,3,3,4,2,1,4,5,3,1
22,Female,55-64,3,5,2,5,3,1,3,3,4,2
23,Female,55-64,3,2,3,4,3,2,4,5,3,1
24,Female,55-64,4,3,4,4,2,3,4,3,3,1
25,Female,25-34,3,2,3,4,4,5,5,3,5,0
26,Female,65+,1,3,3,3,2,2,1,3,4,1
27,Female,35-44,3,3,3,4,3,1,4,2,4,1
28,Female,55-64,2,2,4,4,1,2,4,2,3,1
29,Female,45-54,5,2,4,1,4,4,3,3,2,0
30,Male,45-54,3,2,1,3,2,3,3,4,3,2
31,Male,35-44,2,4,2,3,5,4,4,4,3,0
32,Female,25-34,3,2,3,3,5,5,1,2,5,0
33,Male,45-54,4,1,4,4,4,1,4,5,3,1
34,Female,35-44,4,2,3,4,5,2,4,5,2,2
35,Male,25-34,3,3,3,3,3,5,4,5,3,0
36,Female,18-24,4,2,2,4,5,4,2,5,5,2
37,Female,65+,3,5,3,4,2,2,3,4,1,2
38,Female,25-34,2,1,3,4,2,4,2,4,4,1
39,Male,45-54,2,4,2,3,3,3,4,4,5,1
40,Female,45-54,4,3,3,3,4,4,5,3,5,0
41,Female,55-64,3,3,3,5,3,2,3,4,4,1
42,Male,35-44,3,2,4,4,3,4,4,5,4,1
43,Female,35-44,4,5,4,4,4,1,4,3,5,1
44,Female,55-64,5,3,4,4,3,1,3,4,3,1
45,Female,35-44,3,2,3,4,4,1,2,2,2,2
46,Female,45-54,5,4,4,5,4,5,4,2,4,0
47,Male,18-24,5,5,4,4,4,2,4,4,5,0
48,Female,45-54,2,3,4,4,3,4,4,4,3,0
49,Female,25-34,4,1,3,4,1,4,5,3,2,2
50,Female,18-24,3,3,4,3,4,4,4,3,5,0
51,Male,25-34,4,4,4,5,4,4,4,4,2,0
52,Male,45-54,5,3,3,2,1,1,4,3,5,1
53,Male,35-44,3,3,5,3,5,2,5,4,4,0
54,Male,45-54,3,3,3,4,1,3,3,5,5,1
55,Female,18-24,4,3,4,3,4,2,5,3,5,0
56,Male,25-34,1,5,2,1,3,5,2,4,1,2
57,Male,45-54,3,4,5,3,4,3,3,4,2,0
58,Female,25-34,2,5,3,1,4,4,4,2,4,0
59,Male,65+,3,4,3,5,1,3,3,3,3,2
60,Female,45-54,3,3,4,1,4,1,4,3,3,0
61,Female,25-34,1,3,3,5,4,2,1,2,2,2
62,Male,55-64,1,3,1,5,3,2,2,4,3,2
63,Male,35-44,1,3,3,4,3,4,4,3,4,1
64,Female,45-54,2,4,4,1,3,4,2,2,5,0
65,Female,35-44,5,3,3,5,2,2,3,4,4,1
66,Female,45-54,1,3,3,2,3,4,4,2,3,0
67,Male,55-64,2,2,5,5,2,2,4,4,4,1
68,Female,55-64,5,3,2,4,2,1,3,3,2,2
69,Male,35-44,3,3,4,3,3,4,2,4,3,0
70,Male,25-34,4,3,4,4,5,5,4,4,5,0
71,Male,55-64,2,3,3,5,3,5,3,3,4,0
72,Female,25-34,1,4,5,3,4,1,4,4,3,1
73,Male,45-54,2,5,4,5,3,4,5,4,4,0
74,Male,35-44,4,1,2,5,3,4,3,4,2,2
75,Female,45-54,2,2,5,5,4,4,3,2,3,0
76,Male,35-44,4,5,5,2,3,4,4,4,4,0
77,Male,18-24,4,3,2,4,4,1,3,4,3,2
78,Female,55-64,5,4,4,3,2,2,4,5,3,2
79,Female,35-44,3,3,5,2,2,3,2,4,3,1
80,Male,55-64,2,2,5,1,2,3,3,5,4,1
81,Female,65+,3,2,5,4,3,1,1,3,3,1
82,Male,55-64,3,3,3,3,3,2,3,3,3,2
83,Male,65+,5,1,2,3,2,5,3,3,3,2
84,Male,65+,4,3,3,3,4,2,3,4,4,2
85,Female,18-24,3,4,4,5,3,3,4,3,4,1
86,Male,35-44,3,4,1,2,3,3,5,3,3,2
87,Male,45-54,5,3,5,5,3,1,4,3,4,1
88,Male,25-34,5,5,5,5,3,5,4,5,3,0
89,Female,45-54,3,2,1,4,4,3,4,5,4,2
90,Female,25-34,4,3,3,3,3,4,4,2,3,0
91,Male,45-54,5,3,4,3,4,3,4,3,3,0
92,Male,55-64,4,1,4,3,3,2,1,2,4,1
93,Male,55-64,4,3,4,4,3,2,4,4,3,1
94,Female,35-44,4,3,5,4,4,3,5,4,2,0
95,Female,55-64,2,2,4,2,2,2,1,4,4,1
96,Female,35-44,5,5,4,2,3,4,4,5,3,0
97,Male,35-44,1,1,4,3,4,3,3,3,5,1
98,Female,65+,1,1,3,5,2,1,2,2,4,1
99,Male,55-64,4,5,3,3,4,4,2,5,2,2
100,Female,18-24,4,3,2,4,2,4,4,3,5,1
101,Female,55-64,2,3,4,5,4,1,4,4,3,1
102,Male,55-64,2,4,4,3,3,2,5,4,5,1
103,Female,55-64,2,1,3,4,5,3,4,4,2,2
104,Female,35-44,3,4,4,4,4,4,2,4,3,0
105,Female,18-24,4,4,5,4,5,4,4,5,1,0
106,Female,55-64,4,1,4,5,4,1,4,3,3,1
107,Male,45-54,1,1,5,5,3,3,2,4,3,1
108,Male,45-54,4,5,5,4,3,3,3,3,3,0
109,Female,35-44,3,2,4,3,4,4,3,3,3,0
110,Male,55-64,2,5,1,3,3,3,1,4,3,2
111,Female,55-64,4,5,3,5,3,1,5,4,4,1
112,Male,25-34,3,4,5,3,4,4,5,4,3,0
113,Female,35-44,3,3,3,4,5,3,3,5,3,2
114,Female,45-54,3,5,5,2,3,5,2,2,3,0
115,Female,25-34,1,5,5,3,4,3,3,4,5,0
116,Female,35-44,3,3,4,4,2,4,4,4,5,1
117,Male,35-44,5,3,4,2,4,3,4,4,3,0
118,Female,45-54,3,4,5,3,4,1,4,5,1,2
119,Female,45-54,1,3,2,3,4,3,4,4,3,2
120,Male,25-34,4,4,5,5,1,1,2,4,2,1
121,Female,65+,3,5,3,3,2,2,4,4,3,2
122,Female,35-44,3,2,5,3,4,4,4,4,4,0
123,Male,55-64,2,5,5,3,4,1,4,4,3,0
124,Male,45-54,3,3,1,1,1,5,3,3,3,2
125,Female,25-34,5,2,3,3,4,2,3,5,3,2
126,Female,45-54,5,5,2,5,3,4,3,2,4,2
127,Female,45-54,5,1,3,2,1,5,3,4,4,1
128,Female,45-54,3,3,3,5,4,3,2,4,2,2
129,Female,25-34,5,4,3,2,5,3,3,5,1,2
130,Female,25-34,1,2,3,3,4,4,3,4,4,1
131,Female,35-44,5,4,4,4,4,2,5,2,5,0
132,Male,35-44,3,3,4,3,5,5,3,4,3,0
133,Female,25-34,2,3,2,5,5,4,3,1,4,0
134,Female,65+,3,3,3,4,4,2,4,4,5,1
135,Male,25-34,4,2,3,3,3,4,5,4,3,0
136,Female,45-54,4,5,3,5,4,3,3,4,5,0
137,Female,65+,4,1,5,3,3,1,2,5,5,1
138,Female,35-44,3,4,4,3,3,5,4,4,4,0
139,Male,35-44,3,5,3,3,3,5,4,4,5,0
140,Female,25-34,4,2,3,4,2,3,4,5,3,1
141,Male,45-54,3,4,3,3,5,5,4,5,4,0
142,Female,55-64,3,3,5,2,5,3,5,3,3,0
143,Female,55-64,3,2,4,5,4,2,2,3,3,1
144,Male,55-64,3,3,4,4,2,3,1,2,4,1
145,Male,35-44,2,3,4,4,4,3,2,4,4,1
146,Female,35-44,3,3,3,3,3,4,3,4,5,1
147,Female,35-44,1,3,5,3,5,4,4,4,3,0
148,Male,45-54,3,1,2,5,3,3,4,5,3,1
149,Male,35-44,3,2,4,3,3,5,2,3,2,0
150,Female,35-44,4,3,3,3,1,2,3,4,3,2
151,Female,35-44,3,3,3,4,3,2,4,3,3,2
152,Female,25-34,3,2,3,5,4,2,4,2,4,1
153,Male,25-34,3,4,3,5,1,4,4,3,3,2
154,Female,65+,4,4,2,1,4,3,2,3,3,2
155,Male,55-64,2,4,2,2,2,4,4,4,4,2
156,Male,35-44,4,3,4,2,3,3,2,1,3,0
157,Female,55-64,3,5,4,5,4,2,3,3,3,2
158,Male,35-44,2,3,5,5,3,3,5,3,4,1
159,Male,25-34,3,1,5,4,2,5,5,1,2,0
160,Female,25-34,4,1,4,4,4,5,4,4,3,0
161,Female,18-24,2,5,2,4,4,3,4,3,3,2
162,Female,35-44,5,4,3,2,3,3,4,5,4,0
163,Male,35-44,3,3,3,5,3,4,1,4,3,2
164,Female,18-24,2,2,3,3,1,3,5,5,4,1
165,Female,35-44,5,5,3,3,3,3,4,3,4,0
166,Female,35-44,1,3,4,4,4,3,4,2,3,0
167,Female,25-34,4,3,4,5,5,2,4,4,3,0
168,Female,65+,3,2,1,5,4,3,4,4,3,2
169,Female,45-54,4,3,4,3,4,5,2,4,3,0
170,Female,45-54,4,2,3,3,2,1,2,4,5,1
171,Male,25-34,5,3,5,3,5,4,3,2,4,0
172,Male,35-44,4,2,4,4,2,3,3,5,3,1
173,Female,55-64,4,2,4,4,3,4,4,4,3,0
174,Male,55-64,3,2,4,5,3,1,3,4,4,1
175,Female,45-54,3,4,4,2,4,1,2,5,3,2
176,Male,25-34,4,4,3,3,4,1,4,4,4,2
177,Male,55-64,2,1,5,5,3,2,4,4,4,1
178,Male,65+,2,3,3,2,3,2,2,3,3,2
179,Male,35-44,5,5,3,3,3,3,3,4,4,2
180,Female,25-34,3,3,3,5,5,4,2,4,3,2
181,Female,25-34,4,2,3,4,4,4,5,4,3,0
182,Female,25-34,1,4,3,3,4,4,5,3,2,0
183,Male,55-64,3,2,4,3,1,1,2,5,5,1
184,Male,35-44,4,3,3,4,4,4,4,5,4,0
185,Female,55-64,4,2,3,4,2,2,3,1,4,1
186,Female,35-44,4,4,4,3,4,4,4,5,3,0
187,Male,65+,4,2,3,1,2,2,3,3,4,1
188,Female,45-54,1,4,4,3,5,3,4,3,4,0
189,Female,35-44,3,5,3,2,4,4,3,2,3,0
190,Female,65+,3,4,3,5,3,2,3,4,5,1
191,Female,55-64,1,3,4,4,3,4,5,3,3,0
192,Female,25-34,2,2,5,4,4,4,4,1,3,0
193,Female,55-64,3,3,4,5,3,2,3,4,5,1
194,Male,25-34,1,1,3,4,2,3,5,4,2,1
195,Female,35-44,3,3,3,3,3,4,5,2,4,0
196,Female,55-64,4,3,4,4,4,2,4,4,3,0
197,Female,25-34,5,3,4,3,4,5,5,3,2,0
198,Male,18-24,5,3,4,4,5,1,4,5,3,1
199,Male,35-44,3,3,4,3,5,4,2,5,3,0
200,Female,25-34,4,5,5,4,2,2,3,3,3,1
201,Male,45-54,5,3,5,4,5,2,3,4,2,0
202,Male,45-54,4,4,3,1,5,3,5,3,5,0
203,Female,45-54,4,4,3,3,3,3,4,4,4,0
204,Male,18-24,3,4,4,2,3,2,4,1,5,0
205,Female,25-34,2,3,4,3,5,5,4,4,2,0
206,Male,35-44,5,5,4,3,4,2,3,4,4,0
207,Female,45-54,3,3,3,3,3,4,2,3,4,2
208,Male,55-64,4,4,3,4,5,1,2,3,3,2
209,Male,25-34,3,3,3,4,3,2,3,2,4,1
210,Male,45-54,4,2,3,4,1,5,3,4,1,2
211,Male,55-64,2,3,4,5,4,3,1,4,3,1
212,Female,55-64,2,2,3,4,3,4,5,4,5,1
213,Female,45-54,3,3,3,3,2,3,4,4,3,2
214,Female,25-34,3,3,5,2,1,4,3,3,5,1
215,Male,35-44,2,3,2,3,4,3,5,4,4,0
216,Male,35-44,3,5,4,3,2,3,2,4,3,2
217,Female,55-64,2,3,3,4,2,1,5,2,3,1
218,Female,45-54,3,4,4,5,1,2,1,2,3,1
219,Female,25-34,2,1,3,5,3,3,3,3,4,1
220,Female,35-44,4,3,2,4,4,5,4,4,3,0
221,Female,65+,4,2,3,5,2,2,4,3,4,1
222,Male,55-64,3,3,4,2,4,2,3,4,2,2
223,Female,25-34,4,3,2,2,4,3,1,4,4,2
224,Male,45-54,5,4,5,5,4,2,4,4,2,0
225,Female,25-34,1,4,5,2,5,3,2,4,5,0
226,Male,55-64,3,2,3,1,2,1,1,4,3,2
227,Male,25-34,5,2,3,2,3,3,4,5,1,2
228,Female,65+,3,5,1,2,2,4,1,4,4,2
229,Female,35-44,2,2,1,2,5,5,5,3,5,0
230,Female,35-44,5,3,3,3,4,4,4,4,3,0
231,Female,35-44,5,4,4,4,4,1,3,3,3,2
232,Female,18-24,5,4,5,1,5,3,4,1,3,0
233,Female,25-34,2,3,5,4,3,1,5,4,2,1
234,Female,35-44,4,2,4,4,3,3,4,3,3,1
235,Male,35-44,4,4,4,3,4,5,5,2,3,0
236,Male,35-44,3,3,3,2,4,4,2,5,4,0
237,Male,45-54,1,1,5,5,4,3,4,2,4,1
238,Female,25-34,1,3,3,3,5,4,5,4,2,0
239,Female,45-54,3,2,4,5,4,4,3,2,5,1
240,Male,55-64,3,4,3,2,1,1,5,4,5,1
241,Male,45-54,5,2,4,2,3,5,3,5,2,0
242,Female,55-64,4,4,3,1,5,4,5,4,3,0
243,Male,25-34,2,4,2,3,5,3,5,3,5,0
244,Male,25-34,1,2,3,4,5,2,3,5,3,1
245,Male,45-54,1,2,4,3,4,2,3,3,3,1
246,Female,65+,3,2,3,3,3,1,3,3,5,1
247,Male,65+,1,1,5,5,3,2,1,3,5,1
248,Female,45-54,1,3,3,4,3,2,4,4,4,1
249,Female,25-34,4,2,4,5,2,2,1,3,5,1
250,Female,25-34,2,3,2,3,4,1,4,4,2,2
251,Male,18-24,2,3,4,1,4,5,5,4,5,0
252,Female,25-34,2,2,4,2,5,4,1,3,4,0
253,Female,55-64,3,2,3,4,4,2,5,3,2,2
254,Male,65+,5,3,4,3,2,3,3,4,4,1
255,Female,25-34,2,4,4,4,4,2,1,4,5,1
256,Female,55-64,5,2,5,5,3,4,5,4,3,0
257,Male,25-34,5,4,4,1,5,3,2,5,5,0
258,Male,45-54,4,3,4,4,5,3,3,2,3,0
259,Male,35-44,1,3,3,4,5,3,4,3,5,1
260,Male,25-34,2,3,3,3,3,4,3,4,4,0
261,Female,45-54,4,1,4,4,4,2,4,4,3,1
262,Male,55-64,4,2,2,5,4,3,4,5,5,1
263,Male,25-34,2,4,4,4,4,2,2,3,5,1
264,Female,25-34,2,1,3,5,5,5,3,4,5,1
265,Male,35-44,4,2,4,4,4,3,3,3,4,1
266,Female,55-64,4,3,3,4,2,1,3,5,3,2
267,Female,55-64,3,3,3,4,2,2,2,4,3,2
268,Male,25-34,2,3,3,5,5,3,1,5,4,1
269,Male,45-54,4,5,1,1,2,3,2,3,5,2
270,Male,45-54,5,3,4,5,4,4,3,4,4,0
271,Female,25-34,4,4,5,4,4,2,2,3,3,0
272,Female,45-54,2,3,3,3,4,1,5,4,4,1
273,Female,35-44,4,2,3,4,5,4,3,5,4,0
274,Female,55-64,2,2,3,5,2,3,3,4,4,1
275,Male,25-34,5,4,2,5,4,3,1,3,3,2
276,Male,65+,4,4,3,3,2,1,2,4,1,2
277,Male,25-34,4,3,5,4,4,2,5,3,5,1
278,Male,25-34,2,4,3,3,4,3,3,4,4,0
279,Male,35-44,3,4,3,4,2,3,2,5,3,2
280,Female,45-54,3,4,3,1,2,3,4,4,3,2
281,Male,35-44,2,5,4,2,2,3,4,2,2,0
282,Male,55-64,4,3,3,3,4,3,2,4,2,2
283,Male,45-54,3,5,3,4,3,2,2,5,5,1
284,Male,35-44,1,4,5,5,5,5,4,5,3,0
285,Male,25-34,5,4,3,4,4,1,4,4,5,1
286,Female,35-44,3,4,4,1,4,4,3,5,4,0
287,Female,55-64,4,2,4,2,3,2,4,4,4,1
288,Female,45-54,4,2,5,5,3,3,3,2,4,1
289,Male,25-34,3,5,3,4,4,2,4,4,5,1
290,Male,65+,4,2,3,3,5,5,2,3,4,0
291,Female,18-24,2,1,5,3,5,4,1,5,4,1
292,Male,25-34,3,3,5,3,4,3,5,4,3,0
293,Male,25-34,1,4,5,5,2,2,4,4,3,1
294,Male,35-44,4,1,3,3,4,5,4,2,3,0
295,Male,55-64,3,2,3,4,4,4,3,2,5,1
296,Male,25-34,5,3,3,1,5,2,3,3,5,0
297,Male,18-24,1,5,3,4,5,4,3,5,3,0
298,Female,45-54,5,2,4,4,3,1,5,4,5,1
299,Female,35-44,5,2,2,3,4,3,4,4,2,2
300,Female,55-64,2,3,3,3,2,5,3,3,3,0
301,Female,35-44,5,3,3,3,4,4,5,3,3,0
302,Female,25-34,4,4,3,3,4,2,1,4,3,2
303,Male,35-44,4,2,4,3,2,2,3,2,3,1
304,Female,35-44,3,3,1,5,4,3,2,5,2,2
305,Male,45-54,3,3,3,4,4,4,3,5,5,1
306,Female,65+,5,1,2,4,2,3,3,4,4,1
307,Male,55-64,3,1,4,4,2,1,4,2,3,1
308,Female,18-24,2,4,3,5,1,4,5,4,2,2
309,Male,25-34,4,2,4,4,4,3,3,3,5,1
310,Male,45-54,3,3,2,5,5,4,5,4,3,0
311,Male,25-34,4,2,3,4,4,2,5,2,4,1
312,Male,35-44,5,3,3,2,4,3,5,4,3,0
313,Female,25-34,1,2,2,3,2,1,3,3,4,1
314,Male,55-64,3,3,2,3,2,2,3,2,4,2
315,Female,55-64,4,3,4,1,4,3,4,1,3,0
316,Male,35-44,4,4,5,3,5,3,3,5,4,0
317,Female,55-64,3,2,4,1,1,1,5,4,4,1
318,Female,25-34,3,4,2,1,4,4,4,2,3,0
319,Male,35-44,2,3,5,3,4,2,2,4,5,1
320,Male,18-24,2,4,4,3,4,3,4,3,5,0
321,Male,25-34,5,3,4,4,4,4,4,3,1,0
322,Female,25-34,5,3,2,5,3,1,4,5,3,2
323,Female,25-34,3,2,5,5,5,3,4,3,5,1
324,Male,45-54,3,1,3,2,3,5,2,5,4,1
325,Female,55-64,4,3,4,2,3,2,2,3,2,2
326,Male,45-54,5,3,4,5,3,2,4,4,5,1
327,Male,25-34,3,1,5,3,4,1,4,4,1,1
328,Male,55-64,4,4,2,4,3,2,2,4,4,2
329,Female,55-64,3,4,4,3,4,4,4,5,5,0
330,Male,35-44,4,3,4,2,3,3,3,5,4,0
331,Female,18-24,3,2,4,4,4,5,4,5,5,0
332,Male,18-24,4,3,4,4,4,2,4,4,2,2
333,Male,65+,4,4,2,4,1,1,2,5,3,2
334,Male,18-24,2,4,3,3,5,3,5,4,3,0
335,Female,25-34,3,1,3,3,5,4,3,4,3,0
336,Male,45-54,5,1,4,3,4,3,3,4,5,1
337,Female,65+,2,2,2,3,1,2,3,4,2,2
338,Female,65+,3,5,3,5,4,2,1,4,5,1
339,Female,35-44,2,2,4,2,5,1,2,3,2,2
340,Male,35-44,4,3,4,4,4,2,4,5,5,1
341,Female,45-54,4,4,3,5,5,2,4,4,3,2
342,Male,35-44,3,3,3,5,2,1,4,4,5,1
343,Female,45-54,1,5,3,4,2,5,4,3,3,0
344,Female,35-44,3,3,2,4,4,3,4,5,4,2
345,Male,55-64,2,2,4,1,3,1,4,4,4,1
346,Female,35-44,2,3,2,4,4,3,4,4,3,2
347,Female,45-54,5,2,4,4,5,3,3,2,3,0
348,Female,65+,3,2,3,3,3,3,3,4,4,1
349,Female,45-54,3,3,3,4,5,3,4,3,3,0
350,Female,55-64,4,2,4,2,2,3,4,5,3,1
351,Male,55-64,1,3,4,2,3,3,2,4,5,1
352,Male,45-54,4,2,2,5,4,1,4,5,3,2
353,Female,25-34,4,3,3,4,1,4,4,5,3,2
354,Female,55-64,5,4,1,5,3,4,4,4,4,2
355,Male,35-44,3,3,3,3,5,5,4,5,2,0
356,Male,25-34,3,3,3,5,2,3,4,4,5,1
357,Male,55-64,5,2,3,1,4,2,3,4,4,2
358,Female,25-34,5,4,3,3,4,1,5,4,4,0
359,Female,45-54,3,3,2,2,5,1,4,3,2,2
360,Male,35-44,3,3,4,4,3,2,2,4,4,1
361,Female,45-54,3,2,4,4,3,5,4,3,3,0
362,Female,35-44,2,2,5,4,5,3,4,5,4,1
363,Male,18-24,5,4,2,4,2,4,5,1,4,0
364,Female,55-64,5,3,2,3,1,3,3,3,2,2
365,Male,45-54,2,1,4,3,3,3,4,4,3,1
366,Female,65+,5,3,2,2,4,3,2,3,5,2
367,Male,45-54,2,3,3,4,5,3,1,4,5,1
368,Male,55-64,5,5,1,5,2,2,3,5,3,2
369,Male,45-54,5,5,4,3,4,2,3,1,3,0
370,Male,45-54,2,4,3,3,3,2,3,3,5,1
371,Male,18-24,3,4,3,3,4,4,5,4,5,0
372,Male,45-54,3,4,3,5,1,3,1,3,5,1
373,Male,35-44,3,5,3,2,4,5,3,4,3,0
374,Female,35-44,2,3,4,4,4,4,5,5,3,0
375,Male,65+,3,3,3,3,1,4,4,3,5,1
376,Female,65+,5,3,2,5,2,2,2,4,4,2
377,Male,65+,4,1,3,3,4,4,2,4,4,1
378,Female,65+,3,3,3,4,2,2,1,4,5,1
379,Female,35-44,5,4,3,4,4,5,4,2,2,0
380,Female,35-44,3,4,3,4,4,3,1,4,3,2
381,Male,65+,4,3,3,4,3,3,3,4,3,2
382,Male,55-64,1,3,3,3,4,1,2,5,4,1
383,Female,55-64,4,3,5,3,4,1,4,5,3,1
384,Female,35-44,3,2,4,5,3,4,4,4,3,1
385,Male,65+,5,4,3,5,3,2,2,5,3,2
386,Male,25-34,2,2,3,4,4,2,5,3,4,1
387,Male,25-34,4,3,4,4,5,4,4,3,3,0
388,Female,35-44,5,5,3,4,1,4,3,2,3,2
389,Female,25-34,3,3,3,3,4,2,5,3,4,0
390,Female,65+,4,4,5,3,4,2,2,4,4,1
391,Male,35-44,4,3,4,3,3,2,4,4,5,1
392,Male,25-34,1,2,3,4,2,1,5,5,5,1
393,Female,45-54,3,2,3,2,4,4,3,4,1,2
394,Female,45-54,3,4,3,2,4,2,4,3,3,2
395,Female,45-54,3,3,1,3,3,1,5,4,3,2
396,Male,18-24,2,4,3,3,3,1,5,4,5,1
397,Female,45-54,3,3,5,4,4,4,4,4,5,0
398,Male,35-44,3,2,4,3,4,4,3,3,3,0
399,Female,55-64,5,3,3,3,3,3,3,1,5,0
400,Female,35-44,3,3,4,4,5,3,3,1,4,0
401,Female,65+,3,4,4,4,1,4,2,3,3,2
402,Female,25-34,3,2,1,3,5,3,2,3,2,2
403,Male,18-24,4,3,4,1,3,3,2,2,3,0
404,Female,25-34,5,3,5,4,2,4,4,4,4,0
405,Female,55-64,1,5,3,4,3,2,4,4,4,1
406,Female,65+,4,5,5,4,3,2,3,4,4,1
407,Female,25-34,2,1,4,5,5,1,4,4,5,1
408,Female,45-54,4,3,4,3,3,4,4,2,4,0
409,Female,25-34,3,3,5,4,4,3,5,5,2,0
410,Male,35-44,3,3,4,2,3,3,3,3,3,0
411,Male,65+,3,3,3,1,2,2,2,4,3,2
412,Female,45-54,5,3,4,4,5,3,4,4,3,0
413,Female,35-44,1,4,1,3,4,1,3,4,4,2
414,Male,25-34,2,4,3,5,2,3,5,5,5,1
415,Female,55-64,5,3,3,4,4,1,4,4,5,1
416,Female,25-34,1,3,4,3,4,4,5,4,4,0
417,Female,55-64,2,4,5,4,2,3,4,4,4,1
418,Female,35-44,4,1,4,3,4,1,4,3,4,1
419,Male,55-64,3,2,3,5,1,2,5,4,3,1
420,Female,45-54,3,2,3,5,4,2,4,4,4,1
421,Female,35-44,3,3,3,1,4,3,4,2,3,0
422,Female,55-64,2,3,2,1,4,2,4,3,3,2
423,Male,35-44,3,3,3,4,4,2,3,4,3,2
424,Female,18-24,4,2,4,4,3,3,4,4,4,1
425,Female,55-64,3,3,1,5,5,3,3,5,2,2
426,Female,25-34,4,2,3,3,5,4,3,3,1,2
427,Female,25-34,2,3,2,5,5,2,4,5,2,2
428,Female,35-44,3,2,4,4,2,3,4,4,3,1
429,Female,35-44,5,5,4,3,2,4,4,5,3,0
430,Male,35-44,5,2,4,3,5,4,3,2,4,0
431,Male,35-44,3,3,5,3,5,4,3,5,5,0
432,Female,65+,2,3,5,3,4,3,3,3,3,0
433,Male,25-34,3,2,3,3,3,3,4,4,4,1
434,Female,45-54,3,2,5,1,4,5,4,4,1,0
435,Male,45-54,3,4,5,4,2,3,4,4,3,1
436,Female,18-24,4,5,4,3,4,3,4,5,4,0
437,Male,55-64,3,3,3,3,2,1,1,4,3,2
438,Female,45-54,5,3,3,5,3,3,5,2,1,2
439,Male,45-54,3,3,2,5,4,5,3,3,4,0
440,Female,25-34,2,1,3,2,5,3,5,4,4,0
441,Female,55-64,3,3,3,4,5,4,4,4,4,0
442,Female,35-44,3,2,2,4,4,2,4,4,3,2
443,Female,45-54,1,5,2,3,3,2,4,4,3,2
444,Female,25-34,1,3,3,4,4,2,3,5,3,1
445,Female,35-44,3,4,4,4,2,4,4,5,5,1
446,Male,45-54,3,4,4,2,5,2,4,3,4,0
447,Female,25-34,5,4,5,2,3,2,1,3,3,2
448,Male,18-24,4,3,4,3,2,3,4,3,4,1
449,Female,65+,3,2,1,5,3,1,4,4,5,1
450,Female,25-34,5,1,3,3,2,4,5,5,5,1
451,Male,18-24,3,2,2,4,3,1,3,5,3,2
452,Female,25-34,4,2,1,1,2,2,4,3,3,2
453,Female,55-64,3,2,1,3,3,3,3,4,1,2
454,Male,45-54,5,4,3,3,4,4,2,2,3,2
455,Female,55-64,3,3,2,4,5,2,3,2,4,2
456,Female,35-44,3,3,3,3,4,5,4,3,3,0
457,Male,45-54,3,3,3,2,4,3,4,2,4,0
458,Male,25-34,3,4,2,4,3,3,2,1,4,2
459,Male,35-44,4,4,4,4,5,3,4,4,4,0
460,Male,45-54,2,5,4,5,4,3,2,2,5,1
461,Female,45-54,4,2,2,1,4,4,2,2,4,2
462,Male,55-64,5,3,2,4,5,2,3,4,4,2
463,Male,35-44,4,3,4,4,4,3,4,4,4,0
464,Female,18-24,3,2,2,5,4,1,2,4,2,2
465,Male,55-64,5,2,3,5,4,2,3,3,3,2
466,Female,55-64,1,1,5,3,4,3,3,3,4,1
467,Male,55-64,3,3,4,4,3,2,5,4,3,1
468,Female,45-54,1,3,4,2,1,1,5,4,5,1
469,Female,45-54,2,4,4,4,2,4,3,4,3,0
470,Female,45-54,1,2,3,3,3,1,3,2,3,1
471,Male,35-44,5,4,3,3,4,3,5,3,3,0
472,Female,25-34,3,3,3,3,2,2,5,3,4,1
473,Female,45-54,3,1,4,4,4,2,4,5,4,1
474,Female,25-34,3,3,3,5,5,2,4,4,3,2
475,Male,55-64,3,2,5,2,3,3,1,4,3,1
476,Male,18-24,5,5,5,3,4,4,4,4,5,0
477,Male,18-24,1,2,2,4,2,5,2,5,1,2
478,Female,35-44,3,3,5,3,4,2,5,3,3,0
479,Male,25-34,4,1,4,4,4,2,2,2,4,1
480,Male,55-64,1,2,2,1,1,4,2,3,2,2
481,Male,35-44,3,2,4,5,4,3,5,2,3,0
482,Female,45-54,3,3,4,1,3,5,4,4,4,0
483,Male,18-24,3,5,2,3,3,2,2,2,3,2
484,Female,35-44,5,3,3,3,5,4,4,4,2,0
485,Male,35-44,3,3,4,5,4,4,4,3,3,0
486,Male,35-44,5,4,4,3,5,5,4,4,5,0
487,Male,18-24,3,3,3,3,3,3,4,5,4,1
488,Male,65+,4,3,4,3,1,1,2,4,3,1
489,Female,25-34,4,4,5,3,5,1,4,5,3,0
490,Male,35-44,2,5,3,4,2,3,4,4,4,1
491,Female,65+,3,3,4,1,4,2,3,4,3,0
492,Male,55-64,5,2,4,4,2,4,5,1,4,0
493,Male,25-34,3,4,2,4,2,3,4,4,3,2
494,Male,65+,3,5,3,4,2,4,3,4,4,2
495,Female,25-34,3,2,4,3,4,2,5,3,3,0
496,Female,25-34,3,4,3,3,4,1,4,3,3,2
497,Male,45-54,1,3,2,3,3,4,3,4,3,2
498,Male,45-54,5,4,4,5,4,3,4,5,3,0
499,Female,35-44,2,4,2,4,4,4,2,4,3,2
500,Male,55-64,2,3,4,4,3,3,2,5,5,1
501,Female,25-34,3,2,4,3,2,1,5,4,5,1
502,Male,25-34,1,4,5,5,5,2,3,3,3,1
503,Male,25-34,3,3,5,4,4,4,1,3,4,0
504,Female,25-34,3,3,4,1,3,4,3,5,5,0
505,Female,45-54,3,3,3,5,5,3,3,2,5,1
506,Female,55-64,1,1,3,4,3,4,4,4,3,1
507,Female,25-34,2,4,2,2,5,2,5,2,4,0
508,Male,35-44,4,4,3,3,5,2,2,2,4,2
509,Male,65+,4,3,2,3,3,1,2,5,4,2
510,Male,18-24,3,5,2,4,4,3,4,2,5,0
511,Female,65+,4,5,3,4,5,5,3,3,4,0
512,Female,25-34,4,3,4,1,1,2,4,4,3,1
513,Female,25-34,3,4,4,4,5,4,2,4,5,0
514,Female,45-54,4,3,4,3,4,4,2,4,4,0
515,Male,25-34,3,3,5,5,4,2,3,3,5,1
516,Female,18-24,5,4,4,4,5,4,4,5,3,0
517,Female,25-34,3,3,5,3,4,2,2,4,5,1
518,Male,65+,3,3,2,3,2,3,4,5,4,2
519,Female,55-64,3,1,4,1,3,3,2,4,4,1
520,Male,55-64,3,1,4,5,5,1,3,4,3,1
521,Male,25-34,5,4,4,4,1,3,3,5,4,1
522,Male,65+,3,5,3,5,3,4,1,3,4,2
523,Male,65+,3,4,4,4,2,2,2,3,3,1
524,Male,35-44,3,2,4,3,4,5,4,5,5,0
525,Female,35-44,3,2,2,3,2,1,5,5,2,2
526,Male,25-34,3,2,4,2,2,2,1,3,2,2
527,Female,25-34,5,5,3,2,3,4,5,3,4,0
528,Female,55-64,1,2,5,4,2,4,2,4,4,1
529,Female,25-34,4,4,3,2,4,3,4,4,3,0
530,Female,25-34,4,5,3,3,5,2,2,4,1,2
531,Female,45-54,3,4,3,4,5,1,5,4,3,2
532,Female,55-64,5,3,4,4,1,5,5,1,3,0
533,Female,18-24,2,2,4,5,1,4,3,2,5,1
534,Female,25-34,2,1,5,4,4,1,4,3,2,1
535,Male,55-64,3,2,4,3,2,1,4,2,4,1
536,Female,55-64,3,3,2,4,5,2,1,3,3,2
537,Male,25-34,1,2,4,3,1,3,5,3,3,1
538,Female,65+,4,2,3,3,1,2,5,3,3,1
539,Female,35-44,1,2,5,4,4,2,5,3,5,1
540,Female,35-44,5,3,4,4,2,3,4,4,3,1
541,Male,25-34,4,2,5,4,5,3,3,5,3,0
542,Male,55-64,3,4,2,3,1,1,4,4,2,2
543,Female,25-34,5,4,3,4,4,1,3,1,4,2
544,Male,35-44,4,2,4,5,3,2,4,5,5,1
545,Female,55-64,1,2,2,4,5,3,2,3,3,2
546,Female,25-34,2,2,3,5,5,4,4,2,3,0
547,Male,35-44,3,4,4,5,4,2,5,3,3,0
548,Female,35-44,3,4,3,5,4,2,4,4,5,1
549,Male,65+,5,2,4,3,1,1,3,2,4,1
550,Female,65+,3,3,3,1,3,2,3,4,3,2
551,Male,45-54,4,4,2,5,4,3,2,2,5,2
552,Female,35-44,4,4,3,2,3,2,3,5,3,2
553,Male,45-54,3,2,3,4,3,1,3,2,2,2
554,Female,65+,4,2,1,5,4,2,4,4,3,2
555,Female,18-24,4,3,3,4,3,3,4,2,4,0
556,Female,18-24,4,3,4,5,4,4,5,4,5,0
557,Female,35-44,4,4,4,4,2,1,4,5,3,1
558,Male,25-34,3,3,5,4,2,3,2,1,5,1
559,Female,45-54,2,3,3,4,3,3,4,4,2,2
560,Female,45-54,2,3,4,2,3,5,5,3,2,0
561,Male,18-24,3,1,3,1,4,3,5,5,5,0
562,Male,45-54,5,1,2,3,2,3,3,3,4,2
563,Male,35-44,3,4,5,4,4,2,5,4,3,0
564,Female,35-44,5,4,3,4,4,3,2,4,3,2
565,Female,18-24,4,2,3,4,5,2,4,4,1,2
566,Female,18-24,3,2,5,3,2,1,5,4,5,1
567,Female,25-34,5,3,4,4,4,2,3,5,3,2
568,Male,65+,4,3,4,3,2,3,3,3,4,1
569,Male,45-54,3,4,4,3,1,4,3,4,3,0
570,Female,25-34,3,2,3,2,5,4,5,2,3,0
571,Female,35-44,3,4,4,4,2,2,4,4,1,2
572,Male,45-54,5,1,3,5,3,3,4,4,3,1
573,Female,25-34,2,2,5,1,4,4,3,5,4,0
574,Female,18-24,5,2,3,3,5,2,2,5,3,2
575,Female,35-44,4,4,4,4,4,1,3,4,5,1
576,Female,65+,4,3,3,1,4,2,1,5,3,2
577,Male,18-24,4,4,4,4,4,3,2,4,5,1
578,Female,45-54,5,3,3,4,1,3,1,2,3,2
579,Female,35-44,5,2,2,3,4,2,4,4,5,1
580,Male,55-64,3,4,4,1,5,3,3,4,4,0
581,Male,35-44,3,2,4,1,4,4,5,4,4,0
582,Male,55-64,3,3,3,5,4,4,3,3,3,2
583,Female,65+,3,3,3,5,2,1,2,3,5,1
584,Female,45-54,2,3,5,3,3,5,5,5,3,0
585,Male,35-44,3,4,4,3,3,4,4,4,3,0
586,Female,25-34,3,5,1,3,5,3,4,3,3,2
587,Male,45-54,4,3,4,5,4,2,4,5,4,1
588,Male,55-64,5,3,4,3,4,2,2,3,4,1
589,Female,45-54,3,3,4,3,3,2,3,4,4,1
590,Female,35-44,4,3,4,4,4,2,4,5,3,1
591,Male,35-44,2,3,3,4,4,1,4,2,4,1
592,Female,45-54,3,3,4,3,5,3,4,4,3,0
593,Female,35-44,3,3,3,5,3,3,4,4,5,1
594,Female,65+,3,3,3,5,1,1,1,4,5,1
595,Female,18-24,3,5,3,3,3,1,1,3,4,2
596,Female,18-24,3,3,3,4,4,4,3,4,3,2
597,Female,35-44,3,2,4,2,5,4,4,4,4,0
598,Male,25-34,4,4,4,2,4,5,4,4,4,0
599,Female,18-24,3,3,2,4,4,2,3,1,3,2
600,Male,55-64,3,3,3,5,3,2,3,3,3,2
601,Female,35-44,2,4,3,2,2,4,5,4,4,0
602,Male,55-64,3,5,3,2,4,3,3,4,5,0
603,Female,35-44,3,4,4,5,4,5,3,5,5,0
604,Male,25-34,1,3,4,3,5,3,4,4,4,0
605,Female,35-44,4,1,4,5,3,2,4,5,3,1
606,Female,35-44,3,4,3,4,4,2,4,3,3,2
607,Male,25-34,3,3,3,4,4,1,3,4,4,1
608,Male,25-34,3,3,3,3,4,4,5,5,3,0
609,Female,25-34,2,4,4,3,4,3,5,4,5,0
610,Male,35-44,3,3,3,3,2,4,5,5,2,2
611,Female,45-54,4,4,2,3,4,4,3,2,3,2
612,Female,35-44,3,2,4,3,5,4,3,4,4,0
613,Female,35-44,5,3,4,3,2,4,3,3,3,0
614,Male,35-44,4,4,3,3,3,2,3,4,4,2
615,Male,18-24,3,4,4,4,4,3,4,3,4,0
616,Male,25-34,1,3,3,4,2,1,3,3,4,1
617,Male,55-64,5,3,3,3,2,2,5,3,3,2
618,Male,55-64,3,3,2,4,3,1,4,4,3,2
619,Male,35-44,3,4,4,5,3,3,5,4,3,0
620,Female,25-34,4,4,4,4,3,4,3,4,2,0
621,Female,65+,5,5,4,1,5,4,1,4,3,0
622,Female,25-34,4,1,2,4,3,2,4,4,4,1
623,Female,35-44,4,4,4,4,5,4,3,4,3,0
624,Male,45-54,3,2,5,3,4,1,4,5,5,1
625,Male,45-54,2,4,4,1,4,3,1,3,5,0
626,Female,65+,5,3,3,4,3,1,3,3,4,1
627,Male,55-64,3,2,5,4,2,3,4,3,4,1
628,Male,25-34,4,1,4,3,3,3,5,3,2,0
629,Female,45-54,2,3,3,2,2,2,4,4,4,1
630,Male,18-24,5,2,2,3,2,3,3,4,3,2
631,Female,35-44,3,3,3,3,4,4,4,3,3,0
632,Female,45-54,2,1,3,4,5,3,5,4,2,0
633,Female,35-44,4,2,4,2,5,2,5,5,4,0
634,Male,55-64,4,1,3,4,4,4,2,4,3,2
635,Female,35-44,4,3,3,3,4,3,3,2,2,2
636,Male,35-44,3,2,4,3,5,4,2,3,3,0
637,Male,18-24,3,3,5,2,4,4,3,2,3,0
638,Male,25-34,1,3,2,3,5,4,5,3,3,0
639,Male,45-54,3,4,2,3,3,3,3,2,3,2
640,Female,45-54,5,2,3,3,4,2,2,3,3,2
641,Male,25-34,2,3,3,5,3,4,2,2,2,2
642,Male,45-54,4,1,4,5,4,2,4,3,4,1
643,Male,35-44,4,4,4,4,5,2,4,3,4,0
644,Female,25-34,4,3,3,2,4,3,5,4,3,0
645,Female,25-34,2,4,2,4,3,2,4,4,3,2
646,Male,18-24,4,3,3,4,4,5,4,4,3,0
647,Male,55-64,4,2,3,3,3,2,3,3,2,2
648,Female,55-64,2,2,4,4,3,2,3,5,3,1
649,Male,35-44,1,5,3,5,4,3,2,2,3,2
650,Female,45-54,3,2,4,2,2,3,2,3,5,1
651,Male,45-54,3,3,5,4,5,1,1,3,2,2
652,Male,18-24,4,3,4,5,3,2,1,5,3,1
653,Male,45-54,4,2,4,4,3,4,3,4,4,1
654,Female,25-34,3,4,3,3,2,4,4,3,4,0
655,Female,25-34,4,4,1,3,4,4,4,3,2,2
656,Female,25-34,5,5,5,1,4,5,4,4,3,0
657,Male,25-34,4,3,4,2,2,3,5,4,3,0
658,Female,35-44,3,4,1,3,5,4,4,4,3,2
659,Male,18-24,5,3,3,4,5,3,4,5,5,0
660,Male,55-64,2,3,3,1,1,4,1,4,3,2
661,Female,45-54,5,3,3,5,5,4,4,3,4,0
662,Female,45-54,4,2,4,5,2,3,2,3,2,2
663,Female,45-54,2,3,3,4,4,3,1,4,3,2
664,Female,35-44,5,4,4,2,4,3,2,4,5,0
665,Female,55-64,5,3,2,1,2,2,4,4,4,2
666,Female,25-34,2,4,5,3,3,3,3,3,5,1
667,Female,55-64,3,3,1,2,5,2,4,3,3,2
668,Male,25-34,4,4,5,5,2,4,4,2,3,0
669,Female,25-34,2,2,5,3,4,1,4,5,4,1
670,Male,35-44,3,2,2,4,5,4,3,5,5,1
671,Male,45-54,5,3,3,2,3,4,2,4,4,2
672,Male,18-24,4,5,2,4,4,5,5,3,4,0
673,Female,55-64,1,3,4,5,2,4,4,3,4,1
674,Female,45-54,3,3,4,3,5,2,5,2,3,0
675,Female,45-54,3,4,3,4,5,2,3,3,3,2
676,Male,55-64,3,3,3,5,2,4,4,3,3,2
677,Male,35-44,3,3,3,4,3,1,2,3,5,1
678,Male,55-64,3,1,3,4,2,2,2,4,4,1
679,Male,35-44,2,3,4,3,3,2,2,3,3,1
680,Male,18-24,1,2,4,5,4,3,4,2,3,1
681,Male,25-34,5,2,2,4,3,2,2,4,3,2
682,Female,25-34,3,4,3,4,3,4,4,5,4,0
683,Male,35-44,3,3,1,3,4,3,3,3,1,2
684,Female,25-34,5,4,3,3,2,2,5,3,4,0
685,Male,55-64,3,2,3,1,3,1,2,4,3,2
686,Female,35-44,2,4,3,4,1,3,4,3,4,1
687,Female,35-44,3,3,5,3,4,3,4,2,4,0
688,Female,55-64,3,3,4,1,4,3,4,5,3,0
689,Female,45-54,1,3,3,3,5,3,4,3,3,0
690,Female,25-34,2,2,3,4,4,3,4,3,4,1
691,Male,45-54,3,1,4,2,1,3,4,4,5,1
692,Female,55-64,2,3,4,4,2,3,4,4,3,1
693,Male,65+,4,4,2,1,3,3,2,3,5,2
694,Female,55-64,4,1,3,3,4,2,1,3,3,2
695,Male,25-34,2,5,3,4,2,5,3,5,5,0
696,Male,18-24,4,2,3,3,3,4,4,4,2,2
697,Female,45-54,4,3,3,2,2,1,4,3,4,1
698,Female,55-64,3,2,3,5,3,2,2,4,3,1
699,Male,65+,4,3,4,5,2,2,4,3,4,1
700,Female,55-64,2,2,4,4,4,2,4,5,3,1
701,Male,45-54,1,4,3,4,3,4,2,4,3,2
702,Female,18-24,4,3,4,4,3,3,5,4,3,0
703,Female,25-34,2,5,3,4,4,2,5,4,4,0
704,Female,45-54,2,3,2,3,4,1,3,4,3,2
705,Male,45-54,4,3,5,3,2,4,5,3,4,0
706,Female,45-54,2,4,1,3,4,4,2,4,3,2
707,Female,65+,3,3,1,2,4,2,4,3,3,2
708,Male,55-64,3,5,5,4,4,1,2,4,3,1
709,Female,25-34,4,5,4,2,5,3,2,4,4,0
710,Female,25-34,2,5,3,2,3,4,4,4,3,0
711,Female,45-54,3,4,4,4,3,1,1,3,3,2
712,Male,35-44,2,3,3,5,5,1,4,5,3,1
713,Male,35-44,4,4,3,3,3,1,4,4,3,2
714,Female,18-24,4,2,4,3,1,3,5,4,5,1
715,Female,65+,4,2,4,5,2,2,4,5,3,1
716,Male,25-34,4,3,3,2,5,2,4,4,3,0
717,Female,65+,1,4,1,4,4,3,2,4,3,2
718,Female,35-44,2,2,3,4,5,4,3,2,3,0
719,Female,45-54,1,5,4,4,1,4,2,2,4,1
720,Male,55-64,3,2,3,5,4,3,4,5,5,1
721,Male,55-64,3,2,3,1,3,4,4,2,4,0
722,Female,55-64,3,1,3,4,4,1,2,3,3,1
723,Female,45-54,3,4,1,3,4,4,4,2,1,2
724,Male,45-54,4,3,4,1,4,2,5,4,4,0
725,Female,18-24,3,2,4,4,4,3,4,4,5,1
726,Male,55-64,2,2,3,5,2,3,4,2,4,1
727,Female,65+,3,4,2,3,1,3,3,4,4,2
728,Female,45-54,4,2,4,3,2,2,3,3,3,1
729,Male,25-34,3,2,4,3,5,3,4,1,3,0
730,Female,35-44,4,2,3,4,3,2,5,4,5,1
731,Male,25-34,2,4,4,4,4,5,4,4,4,0
732,Female,35-44,2,5,3,3,5,4,3,5,5,0
733,Female,45-54,3,4,4,3,4,1,3,4,5,1
734,Female,25-34,3,4,3,4,4,4,4,3,1,2
735,Female,35-44,4,2,1,4,4,4,4,4,3,2
736,Male,18-24,1,5,4,4,4,5,5,4,4,0
737,Male,45-54,1,5,4,5,2,1,3,4,4,1
738,Female,25-34,2,4,4,3,5,4,2,4,4,0
739,Male,35-44,5,5,4,4,5,5,3,3,3,0
740,Male,25-34,2,3,4,3,5,1,5,4,4,1
741,Male,35-44,3,3,4,5,4,3,4,5,5,1
742,Female,25-34,2,3,2,3,3,4,4,4,3,2
743,Male,65+,3,3,1,1,4,2,3,4,4,2
744,Female,18-24,4,5,2,4,5,1,5,5,2,2
745,Male,65+,3,1,3,3,2,1,2,5,5,1
746,Female,55-64,4,4,2,4,4,4,3,3,4,2
747,Female,55-64,3,4,4,5,3,3,4,3,3,0
748,Male,45-54,3,3,3,3,4,2,4,4,5,1
749,Male,45-54,1,3,5,3,5,4,3,3,2,0
750,Male,45-54,4,3,3,5,4,1,4,3,5,1
751,Female,55-64,4,2,2,4,2,3,4,4,5,1
752,Female,25-34,2,4,4,3,4,4,3,4,4,0
753,Male,25-34,3,4,4,3,4,3,2,2,3,0
754,Male,35-44,3,1,4,3,5,2,4,4,3,1
755,Female,25-34,4,1,3,4,2,5,4,2,1,2
756,Female,18-24,5,4,4,4,4,3,5,3,4,0
757,Female,65+,5,3,3,5,4,3,3,4,2,2
758,Female,35-44,3,3,3,5,5,4,4,3,4,0
759,Male,35-44,3,3,3,4,3,4,3,5,4,1
760,Female,65+,3,3,3,4,1,2,4,4,3,1
761,Male,45-54,4,5,4,1,4,3,4,3,3,0
762,Female,55-64,4,3,3,4,3,3,2,4,5,1
763,Male,18-24,3,3,3,4,5,4,3,5,3,0
764,Male,25-34,5,5,4,3,3,4,5,4,5,0
765,Female,35-44,2,3,3,3,4,2,2,5,4,1
766,Female,65+,2,5,2,2,3,1,3,2,3,2
767,Male,25-34,5,3,4,3,4,1,3,4,2,2
768,Male,65+,2,3,4,4,3,3,2,5,4,1
769,Female,25-34,4,3,5,3,5,2,5,2,3,0
770,Female,55-64,2,4,2,4,3,4,2,4,3,2
771,Female,35-44,4,3,4,4,5,4,5,5,5,0
772,Male,25-34,3,1,4,5,3,3,3,2,5,1
773,Male,35-44,1,2,3,3,2,3,3,3,5,1
774,Female,25-34,3,1,3,4,4,5,1,4,5,1
775,Female,65+,4,3,2,3,2,2,2,3,5,1
776,Female,25-34,5,3,4,2,2,4,3,4,4,0
777,Female,35-44,3,5,4,4,4,1,3,4,1,2
778,Male,35-44,3,2,4,1,3,3,4,4,3,0
779,Male,35-44,3,3,4,1,4,2,3,4,4,0
780,Male,45-54,3,3,4,5,1,1,3,4,4,1
781,Female,45-54,3,2,3,3,5,1,2,4,3,2
782,Male,55-64,4,1,3,5,4,2,3,5,5,1
783,Male,55-64,5,3,4,5,4,3,3,2,2,2
784,Female,65+,1,5,4,4,2,1,2,4,4,1
785,Female,55-64,3,1,3,4,5,1,4,3,3,1
786,Male,35-44,3,3,3,5,4,4,3,5,3,2
787,Male,35-44,3,1,3,2,4,3,2,5,3,2
788,Female,55-64,4,2,1,4,3,3,4,3,4,2
789,Female,45-54,4,4,4,1,4,4,1,3,3,0
790,Female,65+,3,3,2,5,2,2,3,4,3,2
791,Female,55-64,4,4,3,4,4,1,3,4,3,2
792,Female,25-34,2,1,2,3,5,1,2,3,2,2
793,Male,45-54,5,4,2,3,2,3,2,5,2,2
794,Female,25-34,3,4,4,3,5,2,4,4,4,0
795,Female,18-24,2,2,3,4,5,5,3,4,3,0
796,Male,55-64,4,2,4,4,4,3,4,4,4,1
797,Male,25-34,3,3,1,4,2,2,4,4,3,2
798,Male,35-44,5,2,3,2,5,1,4,3,3,2
799,Female,55-64,1,3,2,1,3,1,4,4,4,2
800,Female,65+,5,2,4,4,3,3,1,4,5,1
801,Male,65+,5,3,4,5,2,2,4,4,4,1
802,Female,35-44,4,5,4,2,4,1,3,2,3,2
803,Male,25-34,4,3,5,4,1,2,4,4,4,1
804,Male,25-34,2,4,3,4,2,1,1,2,4,1
805,Female,45-54,5,4,4,4,4,2,2,2,3,2
806,Male,45-54,4,2,5,2,2,3,3,4,1,2
807,Female,25-34,3,2,4,3,4,4,4,4,3,0
808,Male,18-24,1,3,4,4,5,3,4,3,4,0
809,Female,35-44,4,4,5,4,2,4,2,4,2,0
810,Male,65+,4,3,3,2,2,3,3,5,5,1
811,Female,45-54,5,2,2,5,4,4,5,4,3,2
812,Male,65+,3,3,4,5,4,1,3,2,5,1
813,Male,35-44,3,4,3,4,3,2,3,3,4,1
814,Male,35-44,5,4,3,4,3,4,4,2,5,0
815,Male,18-24,3,3,3,2,3,1,4,5,5,1
816,Male,25-34,4,5,2,1,5,2,4,3,1,2
817,Male,45-54,5,3,4,2,1,2,4,3,4,1
818,Female,65+,5,5,3,3,4,2,2,3,4,2
819,Female,25-34,3,2,3,3,5,3,2,3,3,2
820,Male,35-44,4,3,3,2,3,4,3,2,3,0
821,Male,25-34,5,4,2,3,3,4,3,5,3,2
822,Female,45-54,5,5,3,5,4,3,4,2,3,0
823,Female,35-44,4,4,5,3,4,3,4,3,1,0
824,Female,65+,4,2,3,4,2,3,1,3,5,1
825,Male,35-44,3,3,4,3,2,4,4,4,3,0
826,Male,65+,4,3,2,2,3,2,3,3,5,2
827,Male,55-64,3,3,3,5,3,3,3,4,5,1
828,Female,55-64,5,3,2,3,4,2,2,5,3,2
829,Male,35-44,2,5,3,5,4,4,4,3,4,0
830,Female,65+,5,3,2,1,4,5,4,3,5,0
831,Female,55-64,2,2,5,4,3,2,3,1,3,1
832,Female,45-54,5,3,3,4,1,3,4,4,4,1
833,Male,35-44,4,4,5,3,3,3,4,5,5,0
834,Male,65+,4,5,4,5,3,2,3,1,2,2
835,Male,25-34,3,2,2,3,2,4,5,3,2,2
836,Male,25-34,5,3,5,3,4,1,3,4,3,1
837,Male,45-54,3,5,2,4,4,2,3,4,2,2
838,Male,45-54,4,5,2,4,1,3,3,2,3,2
839,Female,35-44,2,4,4,4,4,1,5,4,3,1
840,Male,55-64,4,5,5,4,2,2,2,4,2,2
841,Male,45-54,4,5,4,5,1,2,3,4,3,1
842,Male,45-54,3,4,3,3,4,5,3,5,4,0
843,Male,18-24,3,5,3,5,3,3,4,5,3,2
844,Male,65+,2,3,4,3,2,2,2,5,5,1
845,Male,45-54,3,3,4,2,3,3,2,3,3,2
846,Male,55-64,2,3,5,4,3,4,2,2,3,0
847,Female,45-54,2,4,2,4,3,4,4,4,3,2
848,Male,35-44,3,3,3,3,3,3,4,4,3,2
849,Female,25-34,4,2,1,4,4,4,4,4,3,2
850,Female,55-64,2,3,4,2,1,2,5,3,3,1
851,Male,45-54,5,1,2,2,1,3,4,4,3,2
852,Female,45-54,4,3,3,5,3,1,3,3,5,1
853,Female,35-44,2,2,4,1,4,4,3,3,3,0
854,Female,65+,4,2,4,4,2,2,4,3,5,1
855,Female,18-24,5,3,1,4,4,3,3,3,5,2
856,Male,45-54,5,2,4,2,3,2,5,2,4,0
857,Male,25-34,5,3,3,3,5,1,3,3,3,2
858,Male,35-44,3,4,3,3,4,2,5,4,1,2
859,Female,25-34,3,2,3,4,4,1,4,4,3,1
860,Female,55-64,5,4,4,5,4,4,4,4,5,0
861,Female,35-44,2,4,3,4,3,4,3,4,3,2
862,Female,25-34,4,3,3,5,5,3,2,5,3,2
863,Male,45-54,4,3,3,5,4,4,2,5,3,2
864,Female,65+,2,2,2,4,1,2,4,5,5,1
865,Male,35-44,1,2,4,4,5,3,3,3,4,1
866,Male,55-64,2,2,4,4,1,3,3,4,2,1
867,Female,45-54,3,2,3,5,3,2,3,4,4,1
868,Female,45-54,4,2,3,3,1,1,3,3,4,1
869,Male,18-24,2,1,4,2,4,3,1,5,3,1
870,Male,55-64,3,1,4,1,5,3,3,3,4,0
871,Female,35-44,3,4,3,4,2,2,2,4,3,2
872,Male,25-34,3,3,3,3,2,5,4,4,2,0
873,Female,45-54,3,3,3,1,2,3,2,4,3,2
874,Female,35-44,1,4,4,2,4,3,4,4,3,0
875,Female,35-44,3,5,5,4,3,3,4,4,3,0
876,Male,35-44,3,4,3,3,4,4,4,5,3,0
877,Female,65+,3,3,3,1,4,2,3,1,3,2
878,Male,55-64,5,4,4,4,1,3,4,2,5,1
879,Male,25-34,4,4,3,2,2,4,1,4,3,2
880,Female,35-44,5,3,4,5,4,1,4,4,3,1
881,Male,35-44,4,2,4,3,3,5,4,2,3,0
882,Male,25-34,4,5,4,2,2,4,3,4,4,0
883,Male,45-54,4,4,3,5,2,5,2,3,3,2
884,Female,35-44,2,4,2,4,4,1,3,3,3,2
885,Female,55-64,2,2,4,5,2,2,5,3,5,1
886,Female,25-34,4,3,1,3,3,3,4,4,3,2
887,Female,45-54,5,4,5,3,3,2,4,5,5,1
888,Female,35-44,3,4,4,2,5,3,4,5,3,0
889,Male,55-64,4,3,4,5,1,1,1,4,4,1
890,Female,25-34,4,2,2,4,4,3,4,2,2,2
891,Female,25-34,3,3,2,4,4,4,4,4,3,2
892,Female,35-44,1,2,4,1,4,2,1,4,3,1
893,Male,35-44,2,3,3,2,3,3,4,2,4,0
894,Female,18-24,4,3,4,4,5,1,4,5,4,1
895,Female,45-54,4,3,3,4,4,2,4,4,4,1
896,Male,18-24,4,2,2,2,5,2,3,5,3,2
897,Male,65+,5,5,5,3,4,3,2,4,3,0
898,Female,55-64,4,4,3,5,3,1,3,1,3,2
899,Female,45-54,5,3,1,1,3,4,4,5,4,2
900,Female,35-44,2,5,3,3,4,4,4,4,4,0
901,Male,35-44,4,4,4,4,2,4,4,4,3,0
902,Male,25-34,4,2,5,4,5,5,3,5,4,0
903,Male,45-54,5,3,3,3,3,3,2,1,1,2
904,Female,25-34,3,4,3,4,1,4,5,2,3,0
905,Male,25-34,3,3,3,4,3,5,5,2,2,0
906,Female,25-34,4,1,4,4,1,3,3,4,3,1
907,Female,25-34,4,1,4,3,3,3,5,3,3,0
908,Male,25-34,3,2,3,1,3,4,5,4,4,0
909,Male,55-64,5,4,3,5,5,4,2,4,4,0
910,Female,65+,3,3,3,2,3,2,2,3,1,2
911,Male,25-34,1,4,3,2,4,3,4,2,4,0
912,Female,25-34,1,5,5,3,4,4,5,3,4,0
913,Male,45-54,3,2,4,2,1,4,3,3,4,1
914,Female,25-34,5,3,3,3,3,3,5,3,1,2
915,Male,25-34,4,4,5,1,4,4,1,3,5,0
916,Male,18-24,2,3,3,2,4,2,3,2,5,1
917,Male,35-44,2,3,3,3,4,2,4,2,4,1
918,Female,55-64,3,3,4,5,1,4,4,4,5,1
919,Male,45-54,3,3,4,4,2,4,4,4,4,1
920,Female,25-34,5,3,5,5,4,4,4,3,5,0
921,Male,25-34,2,4,3,3,3,2,2,3,2,2
922,Male,55-64,2,3,4,3,5,3,4,3,4,0
923,Male,35-44,4,3,3,4,4,4,3,4,4,0
924,Male,45-54,3,3,2,2,3,5,2,3,1,2
925,Male,45-54,3,3,4,3,2,2,3,4,4,1
926,Female,45-54,2,3,4,3,3,5,3,2,4,0
927,Male,18-24,3,3,2,4,3,3,4,5,5,1
928,Male,25-34,5,3,3,5,4,5,2,2,5,0
929,Male,35-44,4,3,5,3,4,4,4,5,3,0
930,Female,25-34,5,3,3,4,4,4,3,1,4,0
931,Male,55-64,4,2,4,5,2,3,4,3,2,1
932,Female,25-34,3,3,4,5,4,5,4,4,2,0
933,Female,55-64,3,3,5,3,3,2,2,4,5,1
934,Female,45-54,3,3,4,4,4,1,3,4,3,1
935,Female,18-24,4,5,4,3,4,2,4,4,5,0
936,Male,18-24,3,4,3,4,1,3,2,3,5,1
937,Male,18-24,1,3,4,4,3,2,2,5,4,1
938,Male,35-44,3,3,1,3,2,4,3,5,3,2
939,Male,65+,4,3,5,5,3,2,2,3,3,1
940,Female,45-54,3,3,3,2,4,3,3,4,2,2
941,Female,65+,3,2,4,4,4,1,1,3,3,1
942,Male,25-34,3,3,5,3,3,2,4,3,3,1
943,Female,35-44,3,4,5,2,4,2,2,4,3,0
944,Male,35-44,1,3,5,3,5,2,4,5,4,1
945,Female,65+,4,3,3,4,3,3,2,4,1,2
946,Male,45-54,5,3,2,3,4,1,3,3,4,2
947,Female,35-44,4,5,4,3,4,3,4,2,3,0
948,Female,65+,3,3,5,3,3,2,5,3,3,0
949,Female,55-64,3,2,3,4,4,2,1,4,5,1
950,Female,35-44,5,2,4,4,4,4,4,3,5,0
951,Male,45-54,4,1,4,4,3,2,3,4,4,1
952,Female,18-24,2,3,4,3,4,2,5,2,3,0
953,Male,35-44,4,2,3,5,4,4,4,2,3,0
954,Female,25-34,4,2,3,3,4,3,4,5,4,0
955,Male,55-64,2,1,1,5,4,2,3,4,4,1
956,Female,65+,5,4,4,5,4,4,3,5,4,0
957,Female,55-64,2,3,1,2,4,2,3,3,3,2
958,Male,25-34,2,1,4,3,2,1,3,2,5,1
959,Female,55-64,3,3,4,1,3,3,3,2,5,0
960,Female,35-44,2,1,3,5,5,5,4,4,3,0
961,Male,25-34,1,4,4,2,5,3,4,4,3,0
962,Male,45-54,4,3,3,3,3,1,3,3,5,1
963,Male,25-34,1,3,3,4,4,4,1,5,5,1
964,Female,35-44,4,1,3,4,4,4,3,4,2,2
965,Female,35-44,4,2,3,3,1,3,4,3,4,1
966,Male,55-64,3,2,2,2,1,4,1,1,4,2
967,Female,25-34,1,2,4,3,3,1,3,4,5,1
968,Female,45-54,3,1,4,3,4,2,2,2,4,1
969,Male,45-54,2,4,4,3,4,2,3,4,4,1
970,Female,45-54,3,1,3,4,1,3,1,4,2,2
971,Male,45-54,3,3,5,4,1,4,3,4,4,1
972,Male,25-34,2,2,5,4,4,3,5,3,5,1
973,Male,35-44,5,3,3,2,2,4,4,2,4,0
974,Male,35-44,5,1,4,1,3,4,4,3,4,0
975,Male,25-34,3,2,3,5,4,3,4,4,4,1
976,Female,35-44,4,5,4,3,5,2,4,4,4,0
977,Female,35-44,3,3,2,3,3,2,2,5,5,1
978,Male,65+,3,2,4,5,2,3,1,5,3,1
979,Female,35-44,2,4,3,2,4,4,5,3,4,0
980,Female,45-54,2,1,3,4,3,3,4,3,3,1
981,Male,25-34,1,4,4,4,3,1,2,4,5,1
982,Female,35-44,5,4,3,4,3,3,5,2,4,0
983,Male,55-64,3,1,5,3,3,2,4,3,1,1
984,Female,55-64,3,5,1,4,4,1,3,4,4,2
985,Female,35-44,4,4,3,2,2,5,4,3,2,0
986,Female,35-44,5,2,3,3,4,1,4,2,3,2
987,Male,45-54,2,3,4,5,4,4,4,3,1,0
988,Male,35-44,5,3,5,3,4,1,4,3,3,0
989,Female,55-64,2,1,3,2,4,3,2,5,3,2
990,Female,55-64,3,3,5,4,3,2,2,4,5,1
991,Female,65+,3,3,3,4,4,3,3,2,5,1
992,Male,35-44,4,3,4,3,4,4,3,4,1,0
993,Male,25-34,5,3,1,4,2,3,4,3,3,2
994,Female,18-24,3,2,3,2,2,2,3,4,1,2
995,Female,18-24,4,2,5,3,4,3,3,2,5,1
996,Female,65+,4,3,4,3,3,4,2,4,5,1
997,Female,35-44,5,3,5,4,4,5,4,2,3,0
998,Male,55-64,3,2,5,3,4,3,3,5,3,1
999,Female,45-54,4,3,2,4,2,4,4,5,5,1
1000,Female,25-34,3,3,5,3,2,3,2,2,2,2
1001,Male,55-64,5,5,2,4,5,3,4,4,4,0
1002,Male,55-64,5,3,4,3,2,2,3,4,5,1
1003,Male,35-44,4,2,4,3,5,3,4,5,3,0
1004,Female,35-44,4,5,3,1,2,5,5,4,5,0
1005,Female,65+,4,4,5,2,3,1,3,4,3,1
1006,Male,45-54,3,5,2,5,3,3,3,3,5,2
1007,Male,35-44,4,1,3,5,3,3,2,4,3,1
1008,Female,45-54,3,3,3,3,1,3,3,2,5,1
1009,Female,35-44,1,3,3,2,4,3,4,4,5,0
1010,Female,35-44,2,2,5,4,4,4,5,5,4,0
1011,Female,18-24,4,2,5,2,4,3,1,4,5,1
1012,Male,55-64,2,2,3,3,3,4,4,4,3,0
1013,Male,45-54,3,1,4,3,1,4,3,4,5,1
1014,Female,35-44,3,3,3,3,4,4,3,2,4,0
1015,Female,55-64,2,2,4,4,3,2,5,1,3,1
1016,Male,45-54,5,3,3,2,5,2,3,3,4,0
1017,Female,25-34,5,3,5,2,2,3,4,4,3,0
1018,Male,25-34,5,1,3,3,3,4,5,4,4,0
1019,Male,45-54,3,4,4,4,1,5,4,4,4,0
1020,Female,35-44,4,3,3,1,2,4,4,5,4,0
1021,Male,45-54,3,3,3,3,3,2,3,4,3,2
1022,Female,35-44,4,5,3,1,5,4,4,4,4,0
1023,Male,25-34,3,5,3,4,3,4,3,4,2,2
1024,Male,18-24,2,5,2,1,5,2,5,4,5,0
1025,Female,35-44,2,2,3,4,4,3,3,2,5,1
1026,Male,35-44,2,2,3,3,3,2,4,2,3,1
1027,Female,25-34,3,3,2,1,5,4,5,4,3,0
1028,Male,18-24,3,4,3,3,3,5,2,5,3,2
1029,Male,25-34,4,1,2,4,5,4,4,4,2,2
1030,Male,65+,5,4,5,3,2,3,3,3,4,0
1031,Female,45-54,4,1,3,5,4,3,3,4,4,1
1032,Female,65+,2,4,2,4,4,1,4,3,3,2
1033,Female,45-54,4,3,4,3,3,4,4,2,4,0
1034,Female,65+,2,3,3,1,4,1,1,5,4,2
1035,Male,45-54,3,5,4,1,4,1,4,3,3,0
1036,Male,25-34,5,3,3,2,5,4,4,4,3,0
1037,Female,65+,3,3,2,4,4,3,5,3,3,2
1038,Female,55-64,2,2,4,2,2,2,2,4,3,1
1039,Female,35-44,5,5,3,4,3,3,4,4,3,2
1040,Female,35-44,4,2,3,2,4,1,4,4,4,1
1041,Female,45-54,2,3,4,4,5,4,3,3,3,0
1042,Female,35-44,4,3,4,3,4,4,4,4,3,0
1043,Male,45-54,4,4,4,3,5,5,2,2,4,0
1044,Female,35-44,2,5,3,3,2,3,3,2,4,2
1045,Female,55-64,4,2,3,5,4,1,5,4,5,1
1046,Male,45-54,3,3,4,4,3,3,4,3,5,1
1047,Female,25-34,4,4,3,4,4,2,3,4,5,1
1048,Female,25-34,3,2,5,1,4,4,4,5,3,0
1049,Female,45-54,1,4,3,4,2,3,4,4,2,2
1050,Male,65+,5,3,2,3,3,3,4,3,4,2
1051,Male,45-54,4,3,3,2,2,5,2,3,5,0
1052,Male,65+,2,3,4,4,2,2,4,3,3,1
1053,Female,25-34,3,4,3,3,3,1,4,3,3,2
1054,Female,65+,1,2,3,3,3,1,3,4,4,1
1055,Male,25-34,4,3,4,2,4,4,3,3,4,0
1056,Female,55-64,3,3,2,4,5,3,5,1,2,2
1057,Female,65+,5,2,5,5,2,3,3,3,5,1
1058,Female,65+,2,1,5,3,4,1,2,3,4,1
1059,Male,55-64,4,2,3,4,3,2,3,4,4,1
1060,Male,35-44,4,4,5,4,4,5,4,5,3,0
1061,Male,35-44,3,4,3,3,3,4,3,4,4,0
1062,Female,18-24,3,3,3,4,5,3,4,3,4,0
1063,Female,45-54,2,4,4,3,1,1,4,2,3,1
1064,Female,45-54,3,3,5,1,4,3,3,2,4,0
