Respondent_ID,Gender,Age_Group,I get a better understanding of the story when reading news in print rather than online,"I trust news stories more when they are in printed newspapers, rather than when they are online","In the future, I intend to read more news online",I would be concerned if printed newspapers were to disappear,I spend too much time on electronic devices,I suffer from a digital overload,"I am concerned that the overuse of electronic devices could be damaging to my health (eyestrain, sleep deprivation, headaches)","I am increasingly concerned that my personal information held electronically is at risk of being hacked, stolen, lost or damaged","I think children and students learn more when reading printed, rather than digital, books and course materials"
1,Male,65+,4,5,3,4,4,4,3,4,3
2,Male,35-44,5,3,3,5,4,4,5,2,4
3,Female,45-54,3,2,3,5,4,2,4,4,5
4,Female,35-44,5,4,4,2,5,3,4,4,2
5,Male,45-54,2,5,4,2,3,3,3,4,1
6,Female,25-34,4,2,4,4,2,5,2,4,4
7,Female,65+,3,3,3,4,2,1,1,4,2
8,Male,55-64,4,3,3,5,3,4,3,5,3
9,Female,55-64,4,3,5,4,2,2,3,4,4
10,Male,65+,3,3,4,5,4,3,4,5,2
11,Female,18-24,4,5,2,1,4,3,5,5,5
12,Male,45-54,4,4,3,5,3,3,4,2,1
13,Female,35-44,5,3,1,3,5,4,4,4,3
14,Male,45-54,3,5,3,3,1,1,3,4,4
15,Female,55-64,3,4,4,3,3,3,3,1,3
16,Female,55-64,2,2,4,4,2,4,4,4,4
17,Male,55-64,1,3,1,2,2,3,2,4,3
18,Female,65+,3,3,3,5,4,2,4,3,3
19,Female,55-64,1,4,4,3,5,1,4,3,3
20,Female,35-44,5,3,4,1,5,4,2,2,5
21,Female,55-64,4,3,3,4,2,1,4,5,3
22,Female,55-64,3,5,2,5,3,1,3,3,4
23,Female,55-64,3,2,3,4,3,2,4,5,3
24,Female,55-64,4,3,4,4,2,3,4,3,3
25,Female,25-34,3,2,3,4,4,5,5,3,5
26,Female,65+,1,3,3,3,2,2,1,3,4
27,Female,35-44,3,3,3,4,3,1,4,2,4
28,Female,55-64,2,2,4,4,1,2,4,2,3
29,Female,45-54,5,2,4,1,4,4,3,3,2
30,Male,45-54,3,2,1,3,2,3,3,4,3
31,Male,35-44,2,4,2,3,5,4,4,4,3
32,Female,25-34,3,2,3,3,5,5,1,2,5
33,Male,45-54,4,1,4,4,4,1,4,5,3
34,Female,35-44,4,2,3,4,5,2,4,5,2
35,Male,25-34,3,3,3,3,3,5,4,5,3
36,Female,18-24,4,2,2,4,5,4,2,5,5
37,Female,65+,3,5,3,4,2,2,3,4,1
38,Female,25-34,2,1,3,4,2,4,2,4,4
39,Male,45-54,2,4,2,3,3,3,4,4,5
40,Female,45-54,4,3,3,3,4,4,5,3,5
41,Female,55-64,3,3,3,5,3,2,3,4,4
42,Male,35-44,3,2,4,4,3,4,4,5,4
43,Female,35-44,4,5,4,4,4,1,4,3,5
44,Female,55-64,5,3,4,4,3,1,3,4,3
45,Female,35-44,3,2,3,4,4,1,2,2,2
46,Female,45-54,5,4,4,5,4,5,4,2,4
47,Male,18-24,5,5,4,4,4,2,4,4,5
48,Female,45-54,2,3,4,4,3,4,4,4,3
49,Female,25-34,4,1,3,4,1,4,5,3,2
50,Female,18-24,3,3,4,3,4,4,4,3,5
51,Male,25-34,4,4,4,5,4,4,4,4,2
52,Male,45-54,5,3,3,2,1,1,4,3,5
53,Male,35-44,3,3,5,3,5,2,5,4,4
54,Male,45-54,3,3,3,4,1,3,3,5,5
55,Female,18-24,4,3,4,3,4,2,5,3,5
56,Male,25-34,1,5,2,1,3,5,2,4,1
57,Male,45-54,3,4,5,3,4,3,3,4,2
58,Female,25-34,2,5,3,1,4,4,4,2,4
59,Male,65+,3,4,3,5,1,3,3,3,3
60,Female,45-54,3,3,4,1,4,1,4,3,3
61,Female,25-34,1,3,3,5,4,2,1,2,2
62,Male,55-64,1,3,1,5,3,2,2,4,3
63,Male,35-44,1,3,3,4,3,4,4,3,4
64,Female,45-54,2,4,4,1,3,4,2,2,5
65,Female,35-44,5,3,3,5,2,2,3,4,4
66,Female,45-54,1,3,3,2,3,4,4,2,3
67,Male,55-64,2,2,5,5,2,2,4,4,4
68,Female,55-64,5,3,2,4,2,1,3,3,2
69,Male,35-44,3,3,4,3,3,4,2,4,3
70,Male,25-34,4,3,4,4,5,5,4,4,5
71,Male,55-64,2,3,3,5,3,5,3,3,4
72,Female,25-34,1,4,5,3,4,1,4,4,3
73,Male,45-54,2,5,4,5,3,4,5,4,4
74,Male,35-44,4,1,2,5,3,4,3,4,2
75,Female,45-54,2,2,5,5,4,4,3,2,3
76,Male,35-44,4,5,5,2,3,4,4,4,4
77,Male,18-24,4,3,2,4,4,1,3,4,3
78,Female,55-64,5,4,4,3,2,2,4,5,3
79,Female,35-44,3,3,5,2,2,3,2,4,3
80,Male,55-64,2,2,5,1,2,3,3,5,4
81,Female,65+,3,2,5,4,3,1,1,3,3
82,Male,55-64,3,3,3,3,3,2,3,3,3
83,Male,65+,5,1,2,3,2,5,3,3,3
84,Male,65+,4,3,3,3,4,2,3,4,4
85,Female,18-24,3,4,4,5,3,3,4,3,4
86,Male,35-44,3,4,1,2,3,3,5,3,3
87,Male,45-54,5,3,5,5,3,1,4,3,4
88,Male,25-34,5,5,5,5,3,5,4,5,3
89,Female,45-54,3,2,1,4,4,3,4,5,4
90,Female,25-34,4,3,3,3,3,4,4,2,3
91,Male,45-54,5,3,4,3,4,3,4,3,3
92,Male,55-64,4,1,4,3,3,2,1,2,4
93,Male,55-64,4,3,4,4,3,2,4,4,3
94,Female,35-44,4,3,5,4,4,3,5,4,2
95,Female,55-64,2,2,4,2,2,2,1,4,4
96,Female,35-44,5,5,4,2,3,4,4,5,3
97,Male,35-44,1,1,4,3,4,3,3,3,5
98,Female,65+,1,1,3,5,2,1,2,2,4
99,Male,55-64,4,5,3,3,4,4,2,5,2
100,Female,18-24,4,3,2,4,2,4,4,3,5
101,Female,55-64,2,3,4,5,4,1,4,4,3
102,Male,55-64,2,4,4,3,3,2,5,4,5
103,Female,55-64,2,1,3,4,5,3,4,4,2
104,Female,35-44,3,4,4,4,4,4,2,4,3
105,Female,18-24,4,4,5,4,5,4,4,5,1
106,Female,55-64,4,1,4,5,4,1,4,3,3
107,Male,45-54,1,1,5,5,3,3,2,4,3
108,Male,45-54,4,5,5,4,3,3,3,3,3
109,Female,35-44,3,2,4,3,4,4,3,3,3
110,Male,55-64,2,5,1,3,3,3,1,4,3
111,Female,55-64,4,5,3,5,3,1,5,4,4
112,Male,25-34,3,4,5,3,4,4,5,4,3
113,Female,35-44,3,3,3,4,5,3,3,5,3
114,Female,45-54,3,5,5,2,3,5,2,2,3
115,Female,25-34,1,5,5,3,4,3,3,4,5
116,Female,35-44,3,3,4,4,2,4,4,4,5
117,Male,35-44,5,3,4,2,4,3,4,4,3
118,Female,45-54,3,4,5,3,4,1,4,5,1
119,Female,45-54,1,3,2,3,4,3,4,4,3
120,Male,25-34,4,4,5,5,1,1,2,4,2
121,Female,65+,3,5,3,3,2,2,4,4,3
122,Female,35-44,3,2,5,3,4,4,4,4,4
123,Male,55-64,2,5,5,3,4,1,4,4,3
124,Male,45-54,3,3,1,1,1,5,3,3,3
125,Female,25-34,5,2,3,3,4,2,3,5,3
126,Female,45-54,5,5,2,5,3,4,3,2,4
127,Female,45-54,5,1,3,2,1,5,3,4,4
128,Female,45-54,3,3,3,5,4,3,2,4,2
129,Female,25-34,5,4,3,2,5,3,3,5,1
130,Female,25-34,1,2,3,3,4,4,3,4,4
131,Female,35-44,5,4,4,4,4,2,5,2,5
132,Male,35-44,3,3,4,3,5,5,3,4,3
133,Female,25-34,2,3,2,5,5,4,3,1,4
134,Female,65+,3,3,3,4,4,2,4,4,5
135,Male,25-34,4,2,3,3,3,4,5,4,3
136,Female,45-54,4,5,3,5,4,3,3,4,5
137,Female,65+,4,1,5,3,3,1,2,5,5
138,Female,35-44,3,4,4,3,3,5,4,4,4
139,Male,35-44,3,5,3,3,3,5,4,4,5
140,Female,25-34,4,2,3,4,2,3,4,5,3
141,Male,45-54,3,4,3,3,5,5,4,5,4
142,Female,55-64,3,3,5,2,5,3,5,3,3
143,Female,55-64,3,2,4,5,4,2,2,3,3
144,Male,55-64,3,3,4,4,2,3,1,2,4
145,Male,35-44,2,3,4,4,4,3,2,4,4
146,Female,35-44,3,3,3,3,3,4,3,4,5
147,Female,35-44,1,3,5,3,5,4,4,4,3
148,Male,45-54,3,1,2,5,3,3,4,5,3
149,Male,35-44,3,2,4,3,3,5,2,3,2
150,Female,35-44,4,3,3,3,1,2,3,4,3
151,Female,35-44,3,3,3,4,3,2,4,3,3
152,Female,25-34,3,2,3,5,4,2,4,2,4
153,Male,25-34,3,4,3,5,1,4,4,3,3
154,Female,65+,4,4,2,1,4,3,2,3,3
155,Male,55-64,2,4,2,2,2,4,4,4,4
156,Male,35-44,4,3,4,2,3,3,2,1,3
157,Female,55-64,3,5,4,5,4,2,3,3,3
158,Male,35-44,2,3,5,5,3,3,5,3,4
159,Male,25-34,3,1,5,4,2,5,5,1,2
160,Female,25-34,4,1,4,4,4,5,4,4,3
161,Female,18-24,2,5,2,4,4,3,4,3,3
162,Female,35-44,5,4,3,2,3,3,4,5,4
163,Male,35-44,3,3,3,5,3,4,1,4,3
164,Female,18-24,2,2,3,3,1,3,5,5,4
165,Female,35-44,5,5,3,3,3,3,4,3,4
166,Female,35-44,1,3,4,4,4,3,4,2,3
167,Female,25-34,4,3,4,5,5,2,4,4,3
168,Female,65+,3,2,1,5,4,3,4,4,3
169,Female,45-54,4,3,4,3,4,5,2,4,3
170,Female,45-54,4,2,3,3,2,1,2,4,5
171,Male,25-34,5,3,5,3,5,4,3,2,4
172,Male,35-44,4,2,4,4,2,3,3,5,3
173,Female,55-64,4,2,4,4,3,4,4,4,3
174,Male,55-64,3,2,4,5,3,1,3,4,4
175,Female,45-54,3,4,4,2,4,1,2,5,3
176,Male,25-34,4,4,3,3,4,1,4,4,4
177,Male,55-64,2,1,5,5,3,2,4,4,4
178,Male,65+,2,3,3,2,3,2,2,3,3
179,Male,35-44,5,5,3,3,3,3,3,4,4
180,Female,25-34,3,3,3,5,5,4,2,4,3
181,Female,25-34,4,2,3,4,4,4,5,4,3
182,Female,25-34,1,4,3,3,4,4,5,3,2
183,Male,55-64,3,2,4,3,1,1,2,5,5
184,Male,35-44,4,3,3,4,4,4,4,5,4
185,Female,55-64,4,2,3,4,2,2,3,1,4
186,Female,35-44,4,4,4,3,4,4,4,5,3
187,Male,65+,4,2,3,1,2,2,3,3,4
188,Female,45-54,1,4,4,3,5,3,4,3,4
189,Female,35-44,3,5,3,2,4,4,3,2,3
190,Female,65+,3,4,3,5,3,2,3,4,5
191,Female,55-64,1,3,4,4,3,4,5,3,3
192,Female,25-34,2,2,5,4,4,4,4,1,3
193,Female,55-64,3,3,4,5,3,2,3,4,5
194,Male,25-34,1,1,3,4,2,3,5,4,2
195,Female,35-44,3,3,3,3,3,4,5,2,4
196,Female,55-64,4,3,4,4,4,2,4,4,3
197,Female,25-34,5,3,4,3,4,5,5,3,2
198,Male,18-24,5,3,4,4,5,1,4,5,3
199,Male,35-44,3,3,4,3,5,4,2,5,3
200,Female,25-34,4,5,5,4,2,2,3,3,3
201,Male,45-54,5,3,5,4,5,2,3,4,2
202,Male,45-54,4,4,3,1,5,3,5,3,5
203,Female,45-54,4,4,3,3,3,3,4,4,4
204,Male,18-24,3,4,4,2,3,2,4,1,5
205,Female,25-34,2,3,4,3,5,5,4,4,2
206,Male,35-44,5,5,4,3,4,2,3,4,4
207,Female,45-54,3,3,3,3,3,4,2,3,4
208,Male,55-64,4,4,3,4,5,1,2,3,3
209,Male,25-34,3,3,3,4,3,2,3,2,4
210,Male,45-54,4,2,3,4,1,5,3,4,1
211,Male,55-64,2,3,4,5,4,3,1,4,3
212,Female,55-64,2,2,3,4,3,4,5,4,5
213,Female,45-54,3,3,3,3,2,3,4,4,3
214,Female,25-34,3,3,5,2,1,4,3,3,5
215,Male,35-44,2,3,2,3,4,3,5,4,4
216,Male,35-44,3,5,4,3,2,3,2,4,3
217,Female,55-64,2,3,3,4,2,1,5,2,3
218,Female,45-54,3,4,4,5,1,2,1,2,3
219,Female,25-34,2,1,3,5,3,3,3,3,4
220,Female,35-44,4,3,2,4,4,5,4,4,3
221,Female,65+,4,2,3,5,2,2,4,3,4
222,Male,55-64,3,3,4,2,4,2,3,4,2
223,Female,25-34,4,3,2,2,4,3,1,4,4
224,Male,45-54,5,4,5,5,4,2,4,4,2
225,Female,25-34,1,4,5,2,5,3,2,4,5
226,Male,55-64,3,2,3,1,2,1,1,4,3
227,Male,25-34,5,2,3,2,3,3,4,5,1
228,Female,65+,3,5,1,2,2,4,1,4,4
229,Female,35-44,2,2,1,2,5,5,5,3,5
230,Female,35-44,5,3,3,3,4,4,4,4,3
231,Female,35-44,5,4,4,4,4,1,3,3,3
232,Female,18-24,5,4,5,1,5,3,4,1,3
233,Female,25-34,2,3,5,4,3,1,5,4,2
234,Female,35-44,4,2,4,4,3,3,4,3,3
235,Male,35-44,4,4,4,3,4,5,5,2,3
236,Male,35-44,3,3,3,2,4,4,2,5,4
237,Male,45-54,1,1,5,5,4,3,4,2,4
238,Female,25-34,1,3,3,3,5,4,5,4,2
239,Female,45-54,3,2,4,5,4,4,3,2,5
240,Male,55-64,3,4,3,2,1,1,5,4,5
241,Male,45-54,5,2,4,2,3,5,3,5,2
242,Female,55-64,4,4,3,1,5,4,5,4,3
243,Male,25-34,2,4,2,3,5,3,5,3,5
244,Male,25-34,1,2,3,4,5,2,3,5,3
245,Male,45-54,1,2,4,3,4,2,3,3,3
246,Female,65+,3,2,3,3,3,1,3,3,5
247,Male,65+,1,1,5,5,3,2,1,3,5
248,Female,45-54,1,3,3,4,3,2,4,4,4
249,Female,25-34,4,2,4,5,2,2,1,3,5
250,Female,25-34,2,3,2,3,4,1,4,4,2
251,Male,18-24,2,3,4,1,4,5,5,4,5
252,Female,25-34,2,2,4,2,5,4,1,3,4
253,Female,55-64,3,2,3,4,4,2,5,3,2
254,Male,65+,5,3,4,3,2,3,3,4,4
255,Female,25-34,2,4,4,4,4,2,1,4,5
256,Female,55-64,5,2,5,5,3,4,5,4,3
257,Male,25-34,5,4,4,1,5,3,2,5,5
258,Male,45-54,4,3,4,4,5,3,3,2,3
259,Male,35-44,1,3,3,4,5,3,4,3,5
260,Male,25-34,2,3,3,3,3,4,3,4,4
261,Female,45-54,4,1,4,4,4,2,4,4,3
262,Male,55-64,4,2,2,5,4,3,4,5,5
263,Male,25-34,2,4,4,4,4,2,2,3,5
264,Female,25-34,2,1,3,5,5,5,3,4,5
265,Male,35-44,4,2,4,4,4,3,3,3,4
266,Female,55-64,4,3,3,4,2,1,3,5,3
267,Female,55-64,3,3,3,4,2,2,2,4,3
268,Male,25-34,2,3,3,5,5,3,1,5,4
269,Male,45-54,4,5,1,1,2,3,2,3,5
270,Male,45-54,5,3,4,5,4,4,3,4,4
271,Female,25-34,4,4,5,4,4,2,2,3,3
272,Female,45-54,2,3,3,3,4,1,5,4,4
273,Female,35-44,4,2,3,4,5,4,3,5,4
274,Female,55-64,2,2,3,5,2,3,3,4,4
275,Male,25-34,5,4,2,5,4,3,1,3,3
276,Male,65+,4,4,3,3,2,1,2,4,1
277,Male,25-34,4,3,5,4,4,2,5,3,5
278,Male,25-34,2,4,3,3,4,3,3,4,4
279,Male,35-44,3,4,3,4,2,3,2,5,3
280,Female,45-54,3,4,3,1,2,3,4,4,3
281,Male,35-44,2,5,4,2,2,3,4,2,2
282,Male,55-64,4,3,3,3,4,3,2,4,2
283,Male,45-54,3,5,3,4,3,2,2,5,5
284,Male,35-44,1,4,5,5,5,5,4,5,3
285,Male,25-34,5,4,3,4,4,1,4,4,5
286,Female,35-44,3,4,4,1,4,4,3,5,4
287,Female,55-64,4,2,4,2,3,2,4,4,4
288,Female,45-54,4,2,5,5,3,3,3,2,4
289,Male,25-34,3,5,3,4,4,2,4,4,5
290,Male,65+,4,2,3,3,5,5,2,3,4
291,Female,18-24,2,1,5,3,5,4,1,5,4
292,Male,25-34,3,3,5,3,4,3,5,4,3
293,Male,25-34,1,4,5,5,2,2,4,4,3
294,Male,35-44,4,1,3,3,4,5,4,2,3
295,Male,55-64,3,2,3,4,4,4,3,2,5
296,Male,25-34,5,3,3,1,5,2,3,3,5
297,Male,18-24,1,5,3,4,5,4,3,5,3
298,Female,45-54,5,2,4,4,3,1,5,4,5
299,Female,35-44,5,2,2,3,4,3,4,4,2
300,Female,55-64,2,3,3,3,2,5,3,3,3
301,Female,35-44,5,3,3,3,4,4,5,3,3
302,Female,25-34,4,4,3,3,4,2,1,4,3
303,Male,35-44,4,2,4,3,2,2,3,2,3
304,Female,35-44,3,3,1,5,4,3,2,5,2
305,Male,45-54,3,3,3,4,4,4,3,5,5
306,Female,65+,5,1,2,4,2,3,3,4,4
307,Male,55-64,3,1,4,4,2,1,4,2,3
308,Female,18-24,2,4,3,5,1,4,5,4,2
309,Male,25-34,4,2,4,4,4,3,3,3,5
310,Male,45-54,3,3,2,5,5,4,5,4,3
311,Male,25-34,4,2,3,4,4,2,5,2,4
312,Male,35-44,5,3,3,2,4,3,5,4,3
313,Female,25-34,1,2,2,3,2,1,3,3,4
314,Male,55-64,3,3,2,3,2,2,3,2,4
315,Female,55-64,4,3,4,1,4,3,4,1,3
316,Male,35-44,4,4,5,3,5,3,3,5,4
317,Female,55-64,3,2,4,1,1,1,5,4,4
318,Female,25-34,3,4,2,1,4,4,4,2,3
319,Male,35-44,2,3,5,3,4,2,2,4,5
320,Male,18-24,2,4,4,3,4,3,4,3,5
321,Male,25-34,5,3,4,4,4,4,4,3,1
322,Female,25-34,5,3,2,5,3,1,4,5,3
323,Female,25-34,3,2,5,5,5,3,4,3,5
324,Male,45-54,3,1,3,2,3,5,2,5,4
325,Female,55-64,4,3,4,2,3,2,2,3,2
326,Male,45-54,5,3,4,5,3,2,4,4,5
327,Male,25-34,3,1,5,3,4,1,4,4,1
328,Male,55-64,4,4,2,4,3,2,2,4,4
329,Female,55-64,3,4,4,3,4,4,4,5,5
330,Male,35-44,4,3,4,2,3,3,3,5,4
331,Female,18-24,3,2,4,4,4,5,4,5,5
332,Male,18-24,4,3,4,4,4,2,4,4,2
333,Male,65+,4,4,2,4,1,1,2,5,3
334,Male,18-24,2,4,3,3,5,3,5,4,3
335,Female,25-34,3,1,3,3,5,4,3,4,3
336,Male,45-54,5,1,4,3,4,3,3,4,5
337,Female,65+,2,2,2,3,1,2,3,4,2
338,Female,65+,3,5,3,5,4,2,1,4,5
339,Female,35-44,2,2,4,2,5,1,2,3,2
340,Male,35-44,4,3,4,4,4,2,4,5,5
341,Female,45-54,4,4,3,5,5,2,4,4,3
342,Male,35-44,3,3,3,5,2,1,4,4,5
343,Female,45-54,1,5,3,4,2,5,4,3,3
344,Female,35-44,3,3,2,4,4,3,4,5,4
345,Male,55-64,2,2,4,1,3,1,4,4,4
346,Female,35-44,2,3,2,4,4,3,4,4,3
347,Female,45-54,5,2,4,4,5,3,3,2,3
348,Female,65+,3,2,3,3,3,3,3,4,4
349,Female,45-54,3,3,3,4,5,3,4,3,3
350,Female,55-64,4,2,4,2,2,3,4,5,3
351,Male,55-64,1,3,4,2,3,3,2,4,5
352,Male,45-54,4,2,2,5,4,1,4,5,3
353,Female,25-34,4,3,3,4,1,4,4,5,3
354,Female,55-64,5,4,1,5,3,4,4,4,4
355,Male,35-44,3,3,3,3,5,5,4,5,2
356,Male,25-34,3,3,3,5,2,3,4,4,5
357,Male,55-64,5,2,3,1,4,2,3,4,4
358,Female,25-34,5,4,3,3,4,1,5,4,4
359,Female,45-54,3,3,2,2,5,1,4,3,2
360,Male,35-44,3,3,4,4,3,2,2,4,4
361,Female,45-54,3,2,4,4,3,5,4,3,3
362,Female,35-44,2,2,5,4,5,3,4,5,4
363,Male,18-24,5,4,2,4,2,4,5,1,4
364,Female,55-64,5,3,2,3,1,3,3,3,2
365,Male,45-54,2,1,4,3,3,3,4,4,3
366,Female,65+,5,3,2,2,4,3,2,3,5
367,Male,45-54,2,3,3,4,5,3,1,4,5
368,Male,55-64,5,5,1,5,2,2,3,5,3
369,Male,45-54,5,5,4,3,4,2,3,1,3
370,Male,45-54,2,4,3,3,3,2,3,3,5
371,Male,18-24,3,4,3,3,4,4,5,4,5
372,Male,45-54,3,4,3,5,1,3,1,3,5
373,Male,35-44,3,5,3,2,4,5,3,4,3
374,Female,35-44,2,3,4,4,4,4,5,5,3
375,Male,65+,3,3,3,3,1,4,4,3,5
376,Female,65+,5,3,2,5,2,2,2,4,4
377,Male,65+,4,1,3,3,4,4,2,4,4
378,Female,65+,3,3,3,4,2,2,1,4,5
379,Female,35-44,5,4,3,4,4,5,4,2,2
380,Female,35-44,3,4,3,4,4,3,1,4,3
381,Male,65+,4,3,3,4,3,3,3,4,3
382,Male,55-64,1,3,3,3,4,1,2,5,4
383,Female,55-64,4,3,5,3,4,1,4,5,3
384,Female,35-44,3,2,4,5,3,4,4,4,3
385,Male,65+,5,4,3,5,3,2,2,5,3
386,Male,25-34,2,2,3,4,4,2,5,3,4
387,Male,25-34,4,3,4,4,5,4,4,3,3
388,Female,35-44,5,5,3,4,1,4,3,2,3
389,Female,25-34,3,3,3,3,4,2,5,3,4
390,Female,65+,4,4,5,3,4,2,2,4,4
391,Male,35-44,4,3,4,3,3,2,4,4,5
392,Male,25-34,1,2,3,4,2,1,5,5,5
393,Female,45-54,3,2,3,2,4,4,3,4,1
394,Female,45-54,3,4,3,2,4,2,4,3,3
395,Female,45-54,3,3,1,3,3,1,5,4,3
396,Male,18-24,2,4,3,3,3,1,5,4,5
397,Female,45-54,3,3,5,4,4,4,4,4,5
398,Male,35-44,3,2,4,3,4,4,3,3,3
399,Female,55-64,5,3,3,3,3,3,3,1,5
400,Female,35-44,3,3,4,4,5,3,3,1,4
401,Female,65+,3,4,4,4,1,4,2,3,3
402,Female,25-34,3,2,1,3,5,3,2,3,2
403,Male,18-24,4,3,4,1,3,3,2,2,3
404,Female,25-34,5,3,5,4,2,4,4,4,4
405,Female,55-64,1,5,3,4,3,2,4,4,4
406,Female,65+,4,5,5,4,3,2,3,4,4
407,Female,25-34,2,1,4,5,5,1,4,4,5
408,Female,45-54,4,3,4,3,3,4,4,2,4
409,Female,25-34,3,3,5,4,4,3,5,5,2
410,Male,35-44,3,3,4,2,3,3,3,3,3
411,Male,65+,3,3,3,1,2,2,2,4,3
412,Female,45-54,5,3,4,4,5,3,4,4,3
413,Female,35-44,1,4,1,3,4,1,3,4,4
414,Male,25-34,2,4,3,5,2,3,5,5,5
415,Female,55-64,5,3,3,4,4,1,4,4,5
416,Female,25-34,1,3,4,3,4,4,5,4,4
417,Female,55-64,2,4,5,4,2,3,4,4,4
418,Female,35-44,4,1,4,3,4,1,4,3,4
419,Male,55-64,3,2,3,5,1,2,5,4,3
420,Female,45-54,3,2,3,5,4,2,4,4,4
421,Female,35-44,3,3,3,1,4,3,4,2,3
422,Female,55-64,2,3,2,1,4,2,4,3,3
423,Male,35-44,3,3,3,4,4,2,3,4,3
424,Female,18-24,4,2,4,4,3,3,4,4,4
425,Female,55-64,3,3,1,5,5,3,3,5,2
426,Female,25-34,4,2,3,3,5,4,3,3,1
427,Female,25-34,2,3,2,5,5,2,4,5,2
428,Female,35-44,3,2,4,4,2,3,4,4,3
429,Female,35-44,5,5,4,3,2,4,4,5,3
430,Male,35-44,5,2,4,3,5,4,3,2,4
431,Male,35-44,3,3,5,3,5,4,3,5,5
432,Female,65+,2,3,5,3,4,3,3,3,3
433,Male,25-34,3,2,3,3,3,3,4,4,4
434,Female,45-54,3,2,5,1,4,5,4,4,1
435,Male,45-54,3,4,5,4,2,3,4,4,3
436,Female,18-24,4,5,4,3,4,3,4,5,4
437,Male,55-64,3,3,3,3,2,1,1,4,3
438,Female,45-54,5,3,3,5,3,3,5,2,1
439,Male,45-54,3,3,2,5,4,5,3,3,4
440,Female,25-34,2,1,3,2,5,3,5,4,4
441,Female,55-64,3,3,3,4,5,4,4,4,4
442,Female,35-44,3,2,2,4,4,2,4,4,3
443,Female,45-54,1,5,2,3,3,2,4,4,3
444,Female,25-34,1,3,3,4,4,2,3,5,3
445,Female,35-44,3,4,4,4,2,4,4,5,5
446,Male,45-54,3,4,4,2,5,2,4,3,4
447,Female,25-34,5,4,5,2,3,2,1,3,3
448,Male,18-24,4,3,4,3,2,3,4,3,4
449,Female,65+,3,2,1,5,3,1,4,4,5
450,Female,25-34,5,1,3,3,2,4,5,5,5
451,Male,18-24,3,2,2,4,3,1,3,5,3
452,Female,25-34,4,2,1,1,2,2,4,3,3
453,Female,55-64,3,2,1,3,3,3,3,4,1
454,Male,45-54,5,4,3,3,4,4,2,2,3
455,Female,55-64,3,3,2,4,5,2,3,2,4
456,Female,35-44,3,3,3,3,4,5,4,3,3
457,Male,45-54,3,3,3,2,4,3,4,2,4
458,Male,25-34,3,4,2,4,3,3,2,1,4
459,Male,35-44,4,4,4,4,5,3,4,4,4
460,Male,45-54,2,5,4,5,4,3,2,2,5
461,Female,45-54,4,2,2,1,4,4,2,2,4
462,Male,55-64,5,3,2,4,5,2,3,4,4
463,Male,35-44,4,3,4,4,4,3,4,4,4
464,Female,18-24,3,2,2,5,4,1,2,4,2
465,Male,55-64,5,2,3,5,4,2,3,3,3
466,Female,55-64,1,1,5,3,4,3,3,3,4
467,Male,55-64,3,3,4,4,3,2,5,4,3
468,Female,45-54,1,3,4,2,1,1,5,4,5
469,Female,45-54,2,4,4,4,2,4,3,4,3
470,Female,45-54,1,2,3,3,3,1,3,2,3
471,Male,35-44,5,4,3,3,4,3,5,3,3
472,Female,25-34,3,3,3,3,2,2,5,3,4
473,Female,45-54,3,1,4,4,4,2,4,5,4
474,Female,25-34,3,3,3,5,5,2,4,4,3
475,Male,55-64,3,2,5,2,3,3,1,4,3
476,Male,18-24,5,5,5,3,4,4,4,4,5
477,Male,18-24,1,2,2,4,2,5,2,5,1
478,Female,35-44,3,3,5,3,4,2,5,3,3
479,Male,25-34,4,1,4,4,4,2,2,2,4
480,Male,55-64,1,2,2,1,1,4,2,3,2
481,Male,35-44,3,2,4,5,4,3,5,2,3
482,Female,45-54,3,3,4,1,3,5,4,4,4
483,Male,18-24,3,5,2,3,3,2,2,2,3
484,Female,35-44,5,3,3,3,5,4,4,4,2
485,Male,35-44,3,3,4,5,4,4,4,3,3
486,Male,35-44,5,4,4,3,5,5,4,4,5
487,Male,18-24,3,3,3,3,3,3,4,5,4
488,Male,65+,4,3,4,3,1,1,2,4,3
489,Female,25-34,4,4,5,3,5,1,4,5,3
490,Male,35-44,2,5,3,4,2,3,4,4,4
491,Female,65+,3,3,4,1,4,2,3,4,3
492,Male,55-64,5,2,4,4,2,4,5,1,4
493,Male,25-34,3,4,2,4,2,3,4,4,3
494,Male,65+,3,5,3,4,2,4,3,4,4
495,Female,25-34,3,2,4,3,4,2,5,3,3
496,Female,25-34,3,4,3,3,4,1,4,3,3
497,Male,45-54,1,3,2,3,3,4,3,4,3
498,Male,45-54,5,4,4,5,4,3,4,5,3
499,Female,35-44,2,4,2,4,4,4,2,4,3
500,Male,55-64,2,3,4,4,3,3,2,5,5
501,Female,25-34,3,2,4,3,2,1,5,4,5
502,Male,25-34,1,4,5,5,5,2,3,3,3
503,Male,25-34,3,3,5,4,4,4,1,3,4
504,Female,25-34,3,3,4,1,3,4,3,5,5
505,Female,45-54,3,3,3,5,5,3,3,2,5
506,Female,55-64,1,1,3,4,3,4,4,4,3
507,Female,25-34,2,4,2,2,5,2,5,2,4
508,Male,35-44,4,4,3,3,5,2,2,2,4
509,Male,65+,4,3,2,3,3,1,2,5,4
510,Male,18-24,3,5,2,4,4,3,4,2,5
511,Female,65+,4,5,3,4,5,5,3,3,4
512,Female,25-34,4,3,4,1,1,2,4,4,3
513,Female,25-34,3,4,4,4,5,4,2,4,5
514,Female,45-54,4,3,4,3,4,4,2,4,4
515,Male,25-34,3,3,5,5,4,2,3,3,5
516,Female,18-24,5,4,4,4,5,4,4,5,3
517,Female,25-34,3,3,5,3,4,2,2,4,5
518,Male,65+,3,3,2,3,2,3,4,5,4
519,Female,55-64,3,1,4,1,3,3,2,4,4
520,Male,55-64,3,1,4,5,5,1,3,4,3
521,Male,25-34,5,4,4,4,1,3,3,5,4
522,Male,65+,3,5,3,5,3,4,1,3,4
523,Male,65+,3,4,4,4,2,2,2,3,3
524,Male,35-44,3,2,4,3,4,5,4,5,5
525,Female,35-44,3,2,2,3,2,1,5,5,2
526,Male,25-34,3,2,4,2,2,2,1,3,2
527,Female,25-34,5,5,3,2,3,4,5,3,4
528,Female,55-64,1,2,5,4,2,4,2,4,4
529,Female,25-34,4,4,3,2,4,3,4,4,3
530,Female,25-34,4,5,3,3,5,2,2,4,1
531,Female,45-54,3,4,3,4,5,1,5,4,3
532,Female,55-64,5,3,4,4,1,5,5,1,3
533,Female,18-24,2,2,4,5,1,4,3,2,5
534,Female,25-34,2,1,5,4,4,1,4,3,2
535,Male,55-64,3,2,4,3,2,1,4,2,4
536,Female,55-64,3,3,2,4,5,2,1,3,3
537,Male,25-34,1,2,4,3,1,3,5,3,3
538,Female,65+,4,2,3,3,1,2,5,3,3
539,Female,35-44,1,2,5,4,4,2,5,3,5
540,Female,35-44,5,3,4,4,2,3,4,4,3
541,Male,25-34,4,2,5,4,5,3,3,5,3
542,Male,55-64,3,4,2,3,1,1,4,4,2
543,Female,25-34,5,4,3,4,4,1,3,1,4
544,Male,35-44,4,2,4,5,3,2,4,5,5
545,Female,55-64,1,2,2,4,5,3,2,3,3
546,Female,25-34,2,2,3,5,5,4,4,2,3
547,Male,35-44,3,4,4,5,4,2,5,3,3
548,Female,35-44,3,4,3,5,4,2,4,4,5
549,Male,65+,5,2,4,3,1,1,3,2,4
550,Female,65+,3,3,3,1,3,2,3,4,3
551,Male,45-54,4,4,2,5,4,3,2,2,5
552,Female,35-44,4,4,3,2,3,2,3,5,3
553,Male,45-54,3,2,3,4,3,1,3,2,2
554,Female,65+,4,2,1,5,4,2,4,4,3
555,Female,18-24,4,3,3,4,3,3,4,2,4
556,Female,18-24,4,3,4,5,4,4,5,4,5
557,Female,35-44,4,4,4,4,2,1,4,5,3
558,Male,25-34,3,3,5,4,2,3,2,1,5
559,Female,45-54,2,3,3,4,3,3,4,4,2
560,Female,45-54,2,3,4,2,3,5,5,3,2
561,Male,18-24,3,1,3,1,4,3,5,5,5
562,Male,45-54,5,1,2,3,2,3,3,3,4
563,Male,35-44,3,4,5,4,4,2,5,4,3
564,Female,35-44,5,4,3,4,4,3,2,4,3
565,Female,18-24,4,2,3,4,5,2,4,4,1
566,Female,18-24,3,2,5,3,2,1,5,4,5
567,Female,25-34,5,3,4,4,4,2,3,5,3
568,Male,65+,4,3,4,3,2,3,3,3,4
569,Male,45-54,3,4,4,3,1,4,3,4,3
570,Female,25-34,3,2,3,2,5,4,5,2,3
571,Female,35-44,3,4,4,4,2,2,4,4,1
572,Male,45-54,5,1,3,5,3,3,4,4,3
573,Female,25-34,2,2,5,1,4,4,3,5,4
574,Female,18-24,5,2,3,3,5,2,2,5,3
575,Female,35-44,4,4,4,4,4,1,3,4,5
576,Female,65+,4,3,3,1,4,2,1,5,3
577,Male,18-24,4,4,4,4,4,3,2,4,5
578,Female,45-54,5,3,3,4,1,3,1,2,3
579,Female,35-44,5,2,2,3,4,2,4,4,5
580,Male,55-64,3,4,4,1,5,3,3,4,4
581,Male,35-44,3,2,4,1,4,4,5,4,4
582,Male,55-64,3,3,3,5,4,4,3,3,3
583,Female,65+,3,3,3,5,2,1,2,3,5
584,Female,45-54,2,3,5,3,3,5,5,5,3
585,Male,35-44,3,4,4,3,3,4,4,4,3
586,Female,25-34,3,5,1,3,5,3,4,3,3
587,Male,45-54,4,3,4,5,4,2,4,5,4
588,Male,55-64,5,3,4,3,4,2,2,3,4
589,Female,45-54,3,3,4,3,3,2,3,4,4
590,Female,35-44,4,3,4,4,4,2,4,5,3
591,Male,35-44,2,3,3,4,4,1,4,2,4
592,Female,45-54,3,3,4,3,5,3,4,4,3
593,Female,35-44,3,3,3,5,3,3,4,4,5
594,Female,65+,3,3,3,5,1,1,1,4,5
595,Female,18-24,3,5,3,3,3,1,1,3,4
596,Female,18-24,3,3,3,4,4,4,3,4,3
597,Female,35-44,3,2,4,2,5,4,4,4,4
598,Male,25-34,4,4,4,2,4,5,4,4,4
599,Female,18-24,3,3,2,4,4,2,3,1,3
600,Male,55-64,3,3,3,5,3,2,3,3,3
601,Female,35-44,2,4,3,2,2,4,5,4,4
602,Male,55-64,3,5,3,2,4,3,3,4,5
603,Female,35-44,3,4,4,5,4,5,3,5,5
604,Male,25-34,1,3,4,3,5,3,4,4,4
605,Female,35-44,4,1,4,5,3,2,4,5,3
606,Female,35-44,3,4,3,4,4,2,4,3,3
607,Male,25-34,3,3,3,4,4,1,3,4,4
608,Male,25-34,3,3,3,3,4,4,5,5,3
609,Female,25-34,2,4,4,3,4,3,5,4,5
610,Male,35-44,3,3,3,3,2,4,5,5,2
611,Female,45-54,4,4,2,3,4,4,3,2,3
612,Female,35-44,3,2,4,3,5,4,3,4,4
613,Female,35-44,5,3,4,3,2,4,3,3,3
614,Male,35-44,4,4,3,3,3,2,3,4,4
615,Male,18-24,3,4,4,4,4,3,4,3,4
616,Male,25-34,1,3,3,4,2,1,3,3,4
617,Male,55-64,5,3,3,3,2,2,5,3,3
618,Male,55-64,3,3,2,4,3,1,4,4,3
619,Male,35-44,3,4,4,5,3,3,5,4,3
620,Female,25-34,4,4,4,4,3,4,3,4,2
621,Female,65+,5,5,4,1,5,4,1,4,3
622,Female,25-34,4,1,2,4,3,2,4,4,4
623,Female,35-44,4,4,4,4,5,4,3,4,3
624,Male,45-54,3,2,5,3,4,1,4,5,5
625,Male,45-54,2,4,4,1,4,3,1,3,5
626,Female,65+,5,3,3,4,3,1,3,3,4
627,Male,55-64,3,2,5,4,2,3,4,3,4
628,Male,25-34,4,1,4,3,3,3,5,3,2
629,Female,45-54,2,3,3,2,2,2,4,4,4
630,Male,18-24,5,2,2,3,2,3,3,4,3
631,Female,35-44,3,3,3,3,4,4,4,3,3
632,Female,45-54,2,1,3,4,5,3,5,4,2
633,Female,35-44,4,2,4,2,5,2,5,5,4
634,Male,55-64,4,1,3,4,4,4,2,4,3
635,Female,35-44,4,3,3,3,4,3,3,2,2
636,Male,35-44,3,2,4,3,5,4,2,3,3
637,Male,18-24,3,3,5,2,4,4,3,2,3
638,Male,25-34,1,3,2,3,5,4,5,3,3
639,Male,45-54,3,4,2,3,3,3,3,2,3
640,Female,45-54,5,2,3,3,4,2,2,3,3
641,Male,25-34,2,3,3,5,3,4,2,2,2
642,Male,45-54,4,1,4,5,4,2,4,3,4
643,Male,35-44,4,4,4,4,5,2,4,3,4
644,Female,25-34,4,3,3,2,4,3,5,4,3
645,Female,25-34,2,4,2,4,3,2,4,4,3
646,Male,18-24,4,3,3,4,4,5,4,4,3
647,Male,55-64,4,2,3,3,3,2,3,3,2
648,Female,55-64,2,2,4,4,3,2,3,5,3
649,Male,35-44,1,5,3,5,4,3,2,2,3
650,Female,45-54,3,2,4,2,2,3,2,3,5
651,Male,45-54,3,3,5,4,5,1,1,3,2
652,Male,18-24,4,3,4,5,3,2,1,5,3
653,Male,45-54,4,2,4,4,3,4,3,4,4
654,Female,25-34,3,4,3,3,2,4,4,3,4
655,Female,25-34,4,4,1,3,4,4,4,3,2
656,Female,25-34,5,5,5,1,4,5,4,4,3
657,Male,25-34,4,3,4,2,2,3,5,4,3
658,Female,35-44,3,4,1,3,5,4,4,4,3
659,Male,18-24,5,3,3,4,5,3,4,5,5
660,Male,55-64,2,3,3,1,1,4,1,4,3
661,Female,45-54,5,3,3,5,5,4,4,3,4
662,Female,45-54,4,2,4,5,2,3,2,3,2
663,Female,45-54,2,3,3,4,4,3,1,4,3
664,Female,35-44,5,4,4,2,4,3,2,4,5
665,Female,55-64,5,3,2,1,2,2,4,4,4
666,Female,25-34,2,4,5,3,3,3,3,3,5
667,Female,55-64,3,3,1,2,5,2,4,3,3
668,Male,25-34,4,4,5,5,2,4,4,2,3
669,Female,25-34,2,2,5,3,4,1,4,5,4
670,Male,35-44,3,2,2,4,5,4,3,5,5
671,Male,45-54,5,3,3,2,3,4,2,4,4
672,Male,18-24,4,5,2,4,4,5,5,3,4
673,Female,55-64,1,3,4,5,2,4,4,3,4
674,Female,45-54,3,3,4,3,5,2,5,2,3
675,Female,45-54,3,4,3,4,5,2,3,3,3
676,Male,55-64,3,3,3,5,2,4,4,3,3
677,Male,35-44,3,3,3,4,3,1,2,3,5
678,Male,55-64,3,1,3,4,2,2,2,4,4
679,Male,35-44,2,3,4,3,3,2,2,3,3
680,Male,18-24,1,2,4,5,4,3,4,2,3
681,Male,25-34,5,2,2,4,3,2,2,4,3
682,Female,25-34,3,4,3,4,3,4,4,5,4
683,Male,35-44,3,3,1,3,4,3,3,3,1
684,Female,25-34,5,4,3,3,2,2,5,3,4
685,Male,55-64,3,2,3,1,3,1,2,4,3
686,Female,35-44,2,4,3,4,1,3,4,3,4
687,Female,35-44,3,3,5,3,4,3,4,2,4
688,Female,55-64,3,3,4,1,4,3,4,5,3
689,Female,45-54,1,3,3,3,5,3,4,3,3
690,Female,25-34,2,2,3,4,4,3,4,3,4
691,Male,45-54,3,1,4,2,1,3,4,4,5
692,Female,55-64,2,3,4,4,2,3,4,4,3
693,Male,65+,4,4,2,1,3,3,2,3,5
694,Female,55-64,4,1,3,3,4,2,1,3,3
695,Male,25-34,2,5,3,4,2,5,3,5,5
696,Male,18-24,4,2,3,3,3,4,4,4,2
697,Female,45-54,4,3,3,2,2,1,4,3,4
698,Female,55-64,3,2,3,5,3,2,2,4,3
699,Male,65+,4,3,4,5,2,2,4,3,4
700,Female,55-64,2,2,4,4,4,2,4,5,3
701,Male,45-54,1,4,3,4,3,4,2,4,3
702,Female,18-24,4,3,4,4,3,3,5,4,3
703,Female,25-34,2,5,3,4,4,2,5,4,4
704,Female,45-54,2,3,2,3,4,1,3,4,3
705,Male,45-54,4,3,5,3,2,4,5,3,4
706,Female,45-54,2,4,1,3,4,4,2,4,3
707,Female,65+,3,3,1,2,4,2,4,3,3
708,Male,55-64,3,5,5,4,4,1,2,4,3
709,Female,25-34,4,5,4,2,5,3,2,4,4
710,Female,25-34,2,5,3,2,3,4,4,4,3
711,Female,45-54,3,4,4,4,3,1,1,3,3
712,Male,35-44,2,3,3,5,5,1,4,5,3
713,Male,35-44,4,4,3,3,3,1,4,4,3
714,Female,18-24,4,2,4,3,1,3,5,4,5
715,Female,65+,4,2,4,5,2,2,4,5,3
716,Male,25-34,4,3,3,2,5,2,4,4,3
717,Female,65+,1,4,1,4,4,3,2,4,3
718,Female,35-44,2,2,3,4,5,4,3,2,3
719,Female,45-54,1,5,4,4,1,4,2,2,4
720,Male,55-64,3,2,3,5,4,3,4,5,5
721,Male,55-64,3,2,3,1,3,4,4,2,4
722,Female,55-64,3,1,3,4,4,1,2,3,3
723,Female,45-54,3,4,1,3,4,4,4,2,1
724,Male,45-54,4,3,4,1,4,2,5,4,4
725,Female,18-24,3,2,4,4,4,3,4,4,5
726,Male,55-64,2,2,3,5,2,3,4,2,4
727,Female,65+,3,4,2,3,1,3,3,4,4
728,Female,45-54,4,2,4,3,2,2,3,3,3
729,Male,25-34,3,2,4,3,5,3,4,1,3
730,Female,35-44,4,2,3,4,3,2,5,4,5
731,Male,25-34,2,4,4,4,4,5,4,4,4
732,Female,35-44,2,5,3,3,5,4,3,5,5
733,Female,45-54,3,4,4,3,4,1,3,4,5
734,Female,25-34,3,4,3,4,4,4,4,3,1
735,Female,35-44,4,2,1,4,4,4,4,4,3
736,Male,18-24,1,5,4,4,4,5,5,4,4
737,Male,45-54,1,5,4,5,2,1,3,4,4
738,Female,25-34,2,4,4,3,5,4,2,4,4
739,Male,35-44,5,5,4,4,5,5,3,3,3
740,Male,25-34,2,3,4,3,5,1,5,4,4
741,Male,35-44,3,3,4,5,4,3,4,5,5
742,Female,25-34,2,3,2,3,3,4,4,4,3
743,Male,65+,3,3,1,1,4,2,3,4,4
744,Female,18-24,4,5,2,4,5,1,5,5,2
745,Male,65+,3,1,3,3,2,1,2,5,5
746,Female,55-64,4,4,2,4,4,4,3,3,4
747,Female,55-64,3,4,4,5,3,3,4,3,3
748,Male,45-54,3,3,3,3,4,2,4,4,5
749,Male,45-54,1,3,5,3,5,4,3,3,2
750,Male,45-54,4,3,3,5,4,1,4,3,5
751,Female,55-64,4,2,2,4,2,3,4,4,5
752,Female,25-34,2,4,4,3,4,4,3,4,4
753,Male,25-34,3,4,4,3,4,3,2,2,3
754,Male,35-44,3,1,4,3,5,2,4,4,3
755,Female,25-34,4,1,3,4,2,5,4,2,1
756,Female,18-24,5,4,4,4,4,3,5,3,4
757,Female,65+,5,3,3,5,4,3,3,4,2
758,Female,35-44,3,3,3,5,5,4,4,3,4
759,Male,35-44,3,3,3,4,3,4,3,5,4
760,Female,65+,3,3,3,4,1,2,4,4,3
761,Male,45-54,4,5,4,1,4,3,4,3,3
762,Female,55-64,4,3,3,4,3,3,2,4,5
763,Male,18-24,3,3,3,4,5,4,3,5,3
764,Male,25-34,5,5,4,3,3,4,5,4,5
765,Female,35-44,2,3,3,3,4,2,2,5,4
766,Female,65+,2,5,2,2,3,1,3,2,3
767,Male,25-34,5,3,4,3,4,1,3,4,2
768,Male,65+,2,3,4,4,3,3,2,5,4
769,Female,25-34,4,3,5,3,5,2,5,2,3
770,Female,55-64,2,4,2,4,3,4,2,4,3
771,Female,35-44,4,3,4,4,5,4,5,5,5
772,Male,25-34,3,1,4,5,3,3,3,2,5
773,Male,35-44,1,2,3,3,2,3,3,3,5
774,Female,25-34,3,1,3,4,4,5,1,4,5
775,Female,65+,4,3,2,3,2,2,2,3,5
776,Female,25-34,5,3,4,2,2,4,3,4,4
777,Female,35-44,3,5,4,4,4,1,3,4,1
778,Male,35-44,3,2,4,1,3,3,4,4,3
779,Male,35-44,3,3,4,1,4,2,3,4,4
780,Male,45-54,3,3,4,5,1,1,3,4,4
781,Female,45-54,3,2,3,3,5,1,2,4,3
782,Male,55-64,4,1,3,5,4,2,3,5,5
783,Male,55-64,5,3,4,5,4,3,3,2,2
784,Female,65+,1,5,4,4,2,1,2,4,4
785,Female,55-64,3,1,3,4,5,1,4,3,3
786,Male,35-44,3,3,3,5,4,4,3,5,3
787,Male,35-44,3,1,3,2,4,3,2,5,3
788,Female,55-64,4,2,1,4,3,3,4,3,4
789,Female,45-54,4,4,4,1,4,4,1,3,3
790,Female,65+,3,3,2,5,2,2,3,4,3
791,Female,55-64,4,4,3,4,4,1,3,4,3
792,Female,25-34,2,1,2,3,5,1,2,3,2
793,Male,45-54,5,4,2,3,2,3,2,5,2
794,Female,25-34,3,4,4,3,5,2,4,4,4
795,Female,18-24,2,2,3,4,5,5,3,4,3
796,Male,55-64,4,2,4,4,4,3,4,4,4
797,Male,25-34,3,3,1,4,2,2,4,4,3
798,Male,35-44,5,2,3,2,5,1,4,3,3
799,Female,55-64,1,3,2,1,3,1,4,4,4
800,Female,65+,5,2,4,4,3,3,1,4,5
801,Male,65+,5,3,4,5,2,2,4,4,4
802,Female,35-44,4,5,4,2,4,1,3,2,3
803,Male,25-34,4,3,5,4,1,2,4,4,4
804,Male,25-34,2,4,3,4,2,1,1,2,4
805,Female,45-54,5,4,4,4,4,2,2,2,3
806,Male,45-54,4,2,5,2,2,3,3,4,1
807,Female,25-34,3,2,4,3,4,4,4,4,3
808,Male,18-24,1,3,4,4,5,3,4,3,4
809,Female,35-44,4,4,5,4,2,4,2,4,2
810,Male,65+,4,3,3,2,2,3,3,5,5
811,Female,45-54,5,2,2,5,4,4,5,4,3
812,Male,65+,3,3,4,5,4,1,3,2,5
813,Male,35-44,3,4,3,4,3,2,3,3,4
814,Male,35-44,5,4,3,4,3,4,4,2,5
815,Male,18-24,3,3,3,2,3,1,4,5,5
816,Male,25-34,4,5,2,1,5,2,4,3,1
817,Male,45-54,5,3,4,2,1,2,4,3,4
818,Female,65+,5,5,3,3,4,2,2,3,4
819,Female,25-34,3,2,3,3,5,3,2,3,3
820,Male,35-44,4,3,3,2,3,4,3,2,3
821,Male,25-34,5,4,2,3,3,4,3,5,3
822,Female,45-54,5,5,3,5,4,3,4,2,3
823,Female,35-44,4,4,5,3,4,3,4,3,1
824,Female,65+,4,2,3,4,2,3,1,3,5
825,Male,35-44,3,3,4,3,2,4,4,4,3
826,Male,65+,4,3,2,2,3,2,3,3,5
827,Male,55-64,3,3,3,5,3,3,3,4,5
828,Female,55-64,5,3,2,3,4,2,2,5,3
829,Male,35-44,2,5,3,5,4,4,4,3,4
830,Female,65+,5,3,2,1,4,5,4,3,5
831,Female,55-64,2,2,5,4,3,2,3,1,3
832,Female,45-54,5,3,3,4,1,3,4,4,4
833,Male,35-44,4,4,5,3,3,3,4,5,5
834,Male,65+,4,5,4,5,3,2,3,1,2
835,Male,25-34,3,2,2,3,2,4,5,3,2
836,Male,25-34,5,3,5,3,4,1,3,4,3
837,Male,45-54,3,5,2,4,4,2,3,4,2
838,Male,45-54,4,5,2,4,1,3,3,2,3
839,Female,35-44,2,4,4,4,4,1,5,4,3
840,Male,55-64,4,5,5,4,2,2,2,4,2
841,Male,45-54,4,5,4,5,1,2,3,4,3
842,Male,45-54,3,4,3,3,4,5,3,5,4
843,Male,18-24,3,5,3,5,3,3,4,5,3
844,Male,65+,2,3,4,3,2,2,2,5,5
845,Male,45-54,3,3,4,2,3,3,2,3,3
846,Male,55-64,2,3,5,4,3,4,2,2,3
847,Female,45-54,2,4,2,4,3,4,4,4,3
848,Male,35-44,3,3,3,3,3,3,4,4,3
849,Female,25-34,4,2,1,4,4,4,4,4,3
850,Female,55-64,2,3,4,2,1,2,5,3,3
851,Male,45-54,5,1,2,2,1,3,4,4,3
852,Female,45-54,4,3,3,5,3,1,3,3,5
853,Female,35-44,2,2,4,1,4,4,3,3,3
854,Female,65+,4,2,4,4,2,2,4,3,5
855,Female,18-24,5,3,1,4,4,3,3,3,5
856,Male,45-54,5,2,4,2,3,2,5,2,4
857,Male,25-34,5,3,3,3,5,1,3,3,3
858,Male,35-44,3,4,3,3,4,2,5,4,1
859,Female,25-34,3,2,3,4,4,1,4,4,3
860,Female,55-64,5,4,4,5,4,4,4,4,5
861,Female,35-44,2,4,3,4,3,4,3,4,3
862,Female,25-34,4,3,3,5,5,3,2,5,3
863,Male,45-54,4,3,3,5,4,4,2,5,3
864,Female,65+,2,2,2,4,1,2,4,5,5
865,Male,35-44,1,2,4,4,5,3,3,3,4
866,Male,55-64,2,2,4,4,1,3,3,4,2
867,Female,45-54,3,2,3,5,3,2,3,4,4
868,Female,45-54,4,2,3,3,1,1,3,3,4
869,Male,18-24,2,1,4,2,4,3,1,5,3
870,Male,55-64,3,1,4,1,5,3,3,3,4
871,Female,35-44,3,4,3,4,2,2,2,4,3
872,Male,25-34,3,3,3,3,2,5,4,4,2
873,Female,45-54,3,3,3,1,2,3,2,4,3
874,Female,35-44,1,4,4,2,4,3,4,4,3
875,Female,35-44,3,5,5,4,3,3,4,4,3
876,Male,35-44,3,4,3,3,4,4,4,5,3
877,Female,65+,3,3,3,1,4,2,3,1,3
878,Male,55-64,5,4,4,4,1,3,4,2,5
879,Male,25-34,4,4,3,2,2,4,1,4,3
880,Female,35-44,5,3,4,5,4,1,4,4,3
881,Male,35-44,4,2,4,3,3,5,4,2,3
882,Male,25-34,4,5,4,2,2,4,3,4,4
883,Male,45-54,4,4,3,5,2,5,2,3,3
884,Female,35-44,2,4,2,4,4,1,3,3,3
885,Female,55-64,2,2,4,5,2,2,5,3,5
886,Female,25-34,4,3,1,3,3,3,4,4,3
887,Female,45-54,5,4,5,3,3,2,4,5,5
888,Female,35-44,3,4,4,2,5,3,4,5,3
889,Male,55-64,4,3,4,5,1,1,1,4,4
890,Female,25-34,4,2,2,4,4,3,4,2,2
891,Female,25-34,3,3,2,4,4,4,4,4,3
892,Female,35-44,1,2,4,1,4,2,1,4,3
893,Male,35-44,2,3,3,2,3,3,4,2,4
894,Female,18-24,4,3,4,4,5,1,4,5,4
895,Female,45-54,4,3,3,4,4,2,4,4,4
896,Male,18-24,4,2,2,2,5,2,3,5,3
897,Male,65+,5,5,5,3,4,3,2,4,3
898,Female,55-64,4,4,3,5,3,1,3,1,3
899,Female,45-54,5,3,1,1,3,4,4,5,4
900,Female,35-44,2,5,3,3,4,4,4,4,4
901,Male,35-44,4,4,4,4,2,4,4,4,3
902,Male,25-34,4,2,5,4,5,5,3,5,4
903,Male,45-54,5,3,3,3,3,3,2,1,1
904,Female,25-34,3,4,3,4,1,4,5,2,3
905,Male,25-34,3,3,3,4,3,5,5,2,2
906,Female,25-34,4,1,4,4,1,3,3,4,3
907,Female,25-34,4,1,4,3,3,3,5,3,3
908,Male,25-34,3,2,3,1,3,4,5,4,4
909,Male,55-64,5,4,3,5,5,4,2,4,4
910,Female,65+,3,3,3,2,3,2,2,3,1
911,Male,25-34,1,4,3,2,4,3,4,2,4
912,Female,25-34,1,5,5,3,4,4,5,3,4
913,Male,45-54,3,2,4,2,1,4,3,3,4
914,Female,25-34,5,3,3,3,3,3,5,3,1
915,Male,25-34,4,4,5,1,4,4,1,3,5
916,Male,18-24,2,3,3,2,4,2,3,2,5
917,Male,35-44,2,3,3,3,4,2,4,2,4
918,Female,55-64,3,3,4,5,1,4,4,4,5
919,Male,45-54,3,3,4,4,2,4,4,4,4
920,Female,25-34,5,3,5,5,4,4,4,3,5
921,Male,25-34,2,4,3,3,3,2,2,3,2
922,Male,55-64,2,3,4,3,5,3,4,3,4
923,Male,35-44,4,3,3,4,4,4,3,4,4
924,Male,45-54,3,3,2,2,3,5,2,3,1
925,Male,45-54,3,3,4,3,2,2,3,4,4
926,Female,45-54,2,3,4,3,3,5,3,2,4
927,Male,18-24,3,3,2,4,3,3,4,5,5
928,Male,25-34,5,3,3,5,4,5,2,2,5
929,Male,35-44,4,3,5,3,4,4,4,5,3
930,Female,25-34,5,3,3,4,4,4,3,1,4
931,Male,55-64,4,2,4,5,2,3,4,3,2
932,Female,25-34,3,3,4,5,4,5,4,4,2
933,Female,55-64,3,3,5,3,3,2,2,4,5
934,Female,45-54,3,3,4,4,4,1,3,4,3
935,Female,18-24,4,5,4,3,4,2,4,4,5
936,Male,18-24,3,4,3,4,1,3,2,3,5
937,Male,18-24,1,3,4,4,3,2,2,5,4
938,Male,35-44,3,3,1,3,2,4,3,5,3
939,Male,65+,4,3,5,5,3,2,2,3,3
940,Female,45-54,3,3,3,2,4,3,3,4,2
941,Female,65+,3,2,4,4,4,1,1,3,3
942,Male,25-34,3,3,5,3,3,2,4,3,3
943,Female,35-44,3,4,5,2,4,2,2,4,3
944,Male,35-44,1,3,5,3,5,2,4,5,4
945,Female,65+,4,3,3,4,3,3,2,4,1
946,Male,45-54,5,3,2,3,4,1,3,3,4
947,Female,35-44,4,5,4,3,4,3,4,2,3
948,Female,65+,3,3,5,3,3,2,5,3,3
949,Female,55-64,3,2,3,4,4,2,1,4,5
950,Female,35-44,5,2,4,4,4,4,4,3,5
951,Male,45-54,4,1,4,4,3,2,3,4,4
952,Female,18-24,2,3,4,3,4,2,5,2,3
953,Male,35-44,4,2,3,5,4,4,4,2,3
954,Female,25-34,4,2,3,3,4,3,4,5,4
955,Male,55-64,2,1,1,5,4,2,3,4,4
956,Female,65+,5,4,4,5,4,4,3,5,4
957,Female,55-64,2,3,1,2,4,2,3,3,3
958,Male,25-34,2,1,4,3,2,1,3,2,5
959,Female,55-64,3,3,4,1,3,3,3,2,5
960,Female,35-44,2,1,3,5,5,5,4,4,3
961,Male,25-34,1,4,4,2,5,3,4,4,3
962,Male,45-54,4,3,3,3,3,1,3,3,5
963,Male,25-34,1,3,3,4,4,4,1,5,5
964,Female,35-44,4,1,3,4,4,4,3,4,2
965,Female,35-44,4,2,3,3,1,3,4,3,4
966,Male,55-64,3,2,2,2,1,4,1,1,4
967,Female,25-34,1,2,4,3,3,1,3,4,5
968,Female,45-54,3,1,4,3,4,2,2,2,4
969,Male,45-54,2,4,4,3,4,2,3,4,4
970,Female,45-54,3,1,3,4,1,3,1,4,2
971,Male,45-54,3,3,5,4,1,4,3,4,4
972,Male,25-34,2,2,5,4,4,3,5,3,5
973,Male,35-44,5,3,3,2,2,4,4,2,4
974,Male,35-44,5,1,4,1,3,4,4,3,4
975,Male,25-34,3,2,3,5,4,3,4,4,4
976,Female,35-44,4,5,4,3,5,2,4,4,4
977,Female,35-44,3,3,2,3,3,2,2,5,5
978,Male,65+,3,2,4,5,2,3,1,5,3
979,Female,35-44,2,4,3,2,4,4,5,3,4
980,Female,45-54,2,1,3,4,3,3,4,3,3
981,Male,25-34,1,4,4,4,3,1,2,4,5
982,Female,35-44,5,4,3,4,3,3,5,2,4
983,Male,55-64,3,1,5,3,3,2,4,3,1
984,Female,55-64,3,5,1,4,4,1,3,4,4
985,Female,35-44,4,4,3,2,2,5,4,3,2
986,Female,35-44,5,2,3,3,4,1,4,2,3
987,Male,45-54,2,3,4,5,4,4,4,3,1
988,Male,35-44,5,3,5,3,4,1,4,3,3
989,Female,55-64,2,1,3,2,4,3,2,5,3
990,Female,55-64,3,3,5,4,3,2,2,4,5
991,Female,65+,3,3,3,4,4,3,3,2,5
992,Male,35-44,4,3,4,3,4,4,3,4,1
993,Male,25-34,5,3,1,4,2,3,4,3,3
994,Female,18-24,3,2,3,2,2,2,3,4,1
995,Female,18-24,4,2,5,3,4,3,3,2,5
996,Female,65+,4,3,4,3,3,4,2,4,5
997,Female,35-44,5,3,5,4,4,5,4,2,3
998,Male,55-64,3,2,5,3,4,3,3,5,3
999,Female,45-54,4,3,2,4,2,4,4,5,5
1000,Female,25-34,3,3,5,3,2,3,2,2,2
1001,Male,55-64,5,5,2,4,5,3,4,4,4
1002,Male,55-64,5,3,4,3,2,2,3,4,5
1003,Male,35-44,4,2,4,3,5,3,4,5,3
1004,Female,35-44,4,5,3,1,2,5,5,4,5
1005,Female,65+,4,4,5,2,3,1,3,4,3
1006,Male,45-54,3,5,2,5,3,3,3,3,5
1007,Male,35-44,4,1,3,5,3,3,2,4,3
1008,Female,45-54,3,3,3,3,1,3,3,2,5
1009,Female,35-44,1,3,3,2,4,3,4,4,5
1010,Female,35-44,2,2,5,4,4,4,5,5,4
1011,Female,18-24,4,2,5,2,4,3,1,4,5
1012,Male,55-64,2,2,3,3,3,4,4,4,3
1013,Male,45-54,3,1,4,3,1,4,3,4,5
1014,Female,35-44,3,3,3,3,4,4,3,2,4
1015,Female,55-64,2,2,4,4,3,2,5,1,3
1016,Male,45-54,5,3,3,2,5,2,3,3,4
1017,Female,25-34,5,3,5,2,2,3,4,4,3
1018,Male,25-34,5,1,3,3,3,4,5,4,4
1019,Male,45-54,3,4,4,4,1,5,4,4,4
1020,Female,35-44,4,3,3,1,2,4,4,5,4
1021,Male,45-54,3,3,3,3,3,2,3,4,3
1022,Female,35-44,4,5,3,1,5,4,4,4,4
1023,Male,25-34,3,5,3,4,3,4,3,4,2
1024,Male,18-24,2,5,2,1,5,2,5,4,5
1025,Female,35-44,2,2,3,4,4,3,3,2,5
1026,Male,35-44,2,2,3,3,3,2,4,2,3
1027,Female,25-34,3,3,2,1,5,4,5,4,3
1028,Male,18-24,3,4,3,3,3,5,2,5,3
1029,Male,25-34,4,1,2,4,5,4,4,4,2
1030,Male,65+,5,4,5,3,2,3,3,3,4
1031,Female,45-54,4,1,3,5,4,3,3,4,4
1032,Female,65+,2,4,2,4,4,1,4,3,3
1033,Female,45-54,4,3,4,3,3,4,4,2,4
1034,Female,65+,2,3,3,1,4,1,1,5,4
1035,Male,45-54,3,5,4,1,4,1,4,3,3
1036,Male,25-34,5,3,3,2,5,4,4,4,3
1037,Female,65+,3,3,2,4,4,3,5,3,3
1038,Female,55-64,2,2,4,2,2,2,2,4,3
1039,Female,35-44,5,5,3,4,3,3,4,4,3
1040,Female,35-44,4,2,3,2,4,1,4,4,4
1041,Female,45-54,2,3,4,4,5,4,3,3,3
1042,Female,35-44,4,3,4,3,4,4,4,4,3
1043,Male,45-54,4,4,4,3,5,5,2,2,4
1044,Female,35-44,2,5,3,3,2,3,3,2,4
1045,Female,55-64,4,2,3,5,4,1,5,4,5
1046,Male,45-54,3,3,4,4,3,3,4,3,5
1047,Female,25-34,4,4,3,4,4,2,3,4,5
1048,Female,25-34,3,2,5,1,4,4,4,5,3
1049,Female,45-54,1,4,3,4,2,3,4,4,2
1050,Male,65+,5,3,2,3,3,3,4,3,4
1051,Male,45-54,4,3,3,2,2,5,2,3,5
1052,Male,65+,2,3,4,4,2,2,4,3,3
1053,Female,25-34,3,4,3,3,3,1,4,3,3
1054,Female,65+,1,2,3,3,3,1,3,4,4
1055,Male,25-34,4,3,4,2,4,4,3,3,4
1056,Female,55-64,3,3,2,4,5,3,5,1,2
1057,Female,65+,5,2,5,5,2,3,3,3,5
1058,Female,65+,2,1,5,3,4,1,2,3,4
1059,Male,55-64,4,2,3,4,3,2,3,4,4
1060,Male,35-44,4,4,5,4,4,5,4,5,3
1061,Male,35-44,3,4,3,3,3,4,3,4,4
1062,Female,18-24,3,3,3,4,5,3,4,3,4
1063,Female,45-54,2,4,4,3,1,1,4,2,3
1064,Female,45-54,3,3,5,1,4,3,3,2,4
